DATE_TIME;CPU_1MIN_VALUE;CPU_5MIN_VALUE;CPU_1MIN_PERCENT;CPU_5MIN_PERCENT
23-04-24 09:17;0,04;0,12;4;12
23-04-24 09:22;0,01;0,08;1;8
23-04-24 09:27;0,00;0,03;0;3
23-04-24 09:32;0,01;0,03;1;3
23-04-24 09:37;0,00;0,02;0;2
23-04-24 09:42;0,00;0,01;0;1
23-04-24 09:47;0,01;0,02;1;2
23-04-24 09:52;0,13;0,04;13;4
23-04-24 09:57;0,00;0,02;0;2
23-04-24 10:02;0,00;0,01;0;1
23-04-24 10:07;0,01;0,02;1;2
23-04-24 10:12;0,06;0,04;6;4
23-04-24 10:17;0,03;0,04;3;4
23-04-24 10:22;0,08;0,05;8;5
23-04-24 10:27;0,16;0,15;16;15
23-04-24 10:32;0,01;0,08;1;8
23-04-24 10:37;0,00;0,03;0;3
23-04-24 10:42;0,07;0,04;7;4
23-04-24 10:47;0,01;0,04;1;4
23-04-24 10:52;0,01;0,03;1;3
23-04-24 10:57;0,00;0,01;0;1
23-04-24 11:02;0,03;0,04;3;4
23-04-24 11:07;0,00;0,01;0;1
23-04-24 11:12;0,02;0,03;2;3
23-04-24 11:17;0,00;0,01;0;1
23-04-24 11:22;0,03;0,03;3;3
23-04-24 11:27;0,15;0,08;15;8
23-04-24 11:32;0,00;0,04;0;4
23-04-24 11:37;0,00;0,01;0;1
23-04-24 11:42;0,01;0,03;1;3
23-04-24 11:47;0,00;0,01;0;1
23-04-24 11:52;0,12;0,07;12;7
23-04-24 11:57;0,15;0,09;15;9
23-04-24 12:02;0,03;0,08;3;8
23-04-24 12:07;0,05;0,05;5;5
23-04-24 12:12;0,13;0,05;13;5
23-04-24 12:17;0,26;0,14;26;14
23-04-24 12:22;0,04;0,11;4;11
23-04-24 12:27;0,00;0,04;0;4
23-04-24 12:32;0,12;0,06;12;6
23-04-24 12:37;0,05;0,08;5;8
23-04-24 12:42;0,00;0,03;0;3
23-04-24 12:47;0,00;0,01;0;1
23-04-24 12:52;0,07;0,03;7;3
23-04-24 12:57;0,00;0,02;0;2
23-04-24 13:02;0,00;0,01;0;1
23-04-24 13:07;0,08;0,03;8;3
23-04-24 13:12;0,00;0,01;0;1
23-04-24 13:17;0,00;0,01;0;1
23-04-24 13:22;0,19;0,08;19;8
23-04-24 13:27;0,01;0,04;1;4
23-04-24 13:32;0,04;0,04;4;4
23-04-24 13:37;0,00;0,01;0;1
23-04-24 13:42;0,01;0,03;1;3
23-04-24 13:47;0,08;0,05;8;5
23-04-24 13:52;0,03;0,05;3;5
23-04-24 13:57;0,02;0,03;2;3
23-04-24 14:02;0,16;0,12;16;12
23-04-24 14:07;0,00;0,04;0;4
23-04-24 14:12;0,00;0,01;0;1
23-04-24 14:17;0,01;0,03;1;3
23-04-24 14:22;0,01;0,04;1;4
23-04-24 14:27;0,01;0,04;1;4
23-04-24 14:32;0,00;0,01;0;1
23-04-24 14:37;0,18;0,07;18;7
23-04-24 14:42;0,01;0,05;1;5
23-04-24 14:47;0,03;0,04;3;4
23-04-24 14:52;0,05;0,05;5;5
23-04-24 14:57;0,01;0,03;1;3
23-04-24 15:02;0,03;0,04;3;4
23-04-24 15:07;0,01;0,03;1;3
23-04-24 15:12;0,00;0,01;0;1
23-04-24 15:17;0,00;0,01;0;1
23-04-24 15:22;0,01;0,02;1;2
23-04-24 15:27;0,02;0,02;2;2
23-04-24 15:32;0,00;0,01;0;1
23-04-24 15:37;0,00;0,01;0;1
23-04-24 15:42;0,00;0,01;0;1
23-04-24 15:47;0,00;0,01;0;1
23-04-24 15:52;0,08;0,04;8;4
23-04-24 15:57;0,00;0,02;0;2
23-04-24 16:02;0,04;0,03;4;3
23-04-24 16:07;0,01;0,02;1;2
23-04-24 16:12;0,00;0,01;0;1
23-04-24 16:17;0,08;0,08;8;8
23-04-24 16:22;0,03;0,08;3;8
23-04-24 16:27;0,04;0,05;4;5
23-04-24 16:32;0,00;0,03;0;3
23-04-24 16:37;0,02;0,03;2;3
23-04-24 16:42;0,01;0,02;1;2
23-04-24 16:47;0,01;0,03;1;3
23-04-24 16:52;0,01;0,04;1;4
23-04-24 16:57;0,15;0,09;15;9
23-04-24 17:02;0,00;0,05;0;5
23-04-24 17:07;0,05;0,09;5;9
23-04-24 17:12;0,00;0,03;0;3
23-04-24 17:17;0,00;0,01;0;1
23-04-24 17:22;0,01;0,02;1;2
23-04-24 17:27;0,01;0,02;1;2
23-04-24 17:32;0,00;0,01;0;1
23-04-24 17:37;0,04;0,03;4;3
23-04-24 17:42;0,06;0,03;6;3
23-04-24 17:47;0,00;0,01;0;1
23-04-24 17:52;0,01;0,02;1;2
23-04-24 17:57;0,04;0,03;4;3
23-04-24 18:02;0,00;0,01;0;1
23-04-24 18:07;0,02;0,02;2;2
23-04-24 18:12;0,00;0,01;0;1
23-04-24 18:17;0,00;0,01;0;1
23-04-24 18:22;0,01;0,02;1;2
23-04-24 18:27;0,01;0,02;1;2
23-04-24 18:32;0,00;0,01;0;1
23-04-24 18:37;0,00;0,01;0;1
23-04-24 18:42;0,00;0,01;0;1
23-04-24 18:47;0,01;0,04;1;4
23-04-24 18:52;0,08;0,03;8;3
23-04-24 18:57;0,00;0,01;0;1
23-04-24 19:02;0,00;0,01;0;1
23-04-24 19:07;0,00;0,02;0;2
23-04-24 19:12;0,00;0,01;0;1
23-04-24 19:17;0,02;0,02;2;2
23-04-24 19:22;0,00;0,01;0;1
23-04-24 19:27;0,00;0,01;0;1
23-04-24 19:32;0,00;0,01;0;1
23-04-24 19:37;0,00;0,01;0;1
23-04-24 19:42;0,00;0,01;0;1
23-04-24 19:47;0,05;0,03;5;3
23-04-24 19:52;0,00;0,01;0;1
23-04-24 19:57;0,00;0,01;0;1
23-04-24 20:02;0,00;0,01;0;1
23-04-24 20:07;0,00;0,01;0;1
23-04-24 20:12;0,01;0,04;1;4
23-04-24 20:17;0,00;0,01;0;1
23-04-24 20:22;0,00;0,01;0;1
23-04-24 20:27;0,00;0,01;0;1
23-04-24 20:32;0,00;0,01;0;1
23-04-24 20:37;0,05;0,04;5;4
23-04-24 20:42;0,07;0,05;7;5
23-04-24 20:47;0,02;0,04;2;4
23-04-24 20:52;0,01;0,03;1;3
23-04-24 20:57;0,00;0,02;0;2
23-04-24 21:02;0,00;0,01;0;1
23-04-24 21:07;0,00;0,01;0;1
23-04-24 21:12;0,17;0,08;17;8
23-04-24 21:17;0,01;0,09;1;9
23-04-24 21:22;0,02;0,06;2;6
23-04-24 21:27;0,00;0,02;0;2
23-04-24 21:32;0,00;0,01;0;1
23-04-24 21:37;0,01;0,03;1;3
23-04-24 21:42;0,06;0,05;6;5
23-04-24 21:47;0,02;0,03;2;3
23-04-24 21:52;0,00;0,01;0;1
23-04-24 21:57;0,00;0,01;0;1
23-04-24 22:02;0,00;0,01;0;1
23-04-24 22:07;0,02;0,04;2;4
23-04-24 22:12;0,01;0,04;1;4
23-04-24 22:17;0,00;0,01;0;1
23-04-24 22:22;0,00;0,01;0;1
23-04-24 22:27;0,01;0,03;1;3
23-04-24 22:32;0,19;0,06;19;6
23-04-24 22:37;0,00;0,02;0;2
23-04-24 22:42;0,00;0,01;0;1
23-04-24 22:47;0,00;0,01;0;1
23-04-24 22:52;0,04;0,04;4;4
23-04-24 22:57;0,00;0,01;0;1
23-04-24 23:02;0,00;0,01;0;1
23-04-24 23:07;0,00;0,01;0;1
23-04-24 23:12;0,00;0,01;0;1
23-04-24 23:17;0,00;0,01;0;1
23-04-24 23:22;0,02;0,03;2;3
23-04-24 23:27;0,00;0,01;0;1
23-04-24 23:32;0,00;0,01;0;1
23-04-24 23:37;0,03;0,03;3;3
23-04-24 23:42;0,01;0,03;1;3
23-04-24 23:47;0,06;0,04;6;4
23-04-24 23:52;0,00;0,02;0;2
23-04-24 23:57;0,00;0,01;0;1
24-04-24 00:02;0,00;0,01;0;1
24-04-24 00:07;0,00;0,01;0;1
24-04-24 00:12;0,01;0,02;1;2
24-04-24 00:17;0,02;0,03;2;3
24-04-24 00:22;0,00;0,01;0;1
24-04-24 00:27;0,07;0,06;7;6
24-04-24 00:32;0,00;0,02;0;2
24-04-24 00:37;0,06;0,05;6;5
24-04-24 00:42;0,07;0,04;7;4
24-04-24 00:47;0,00;0,01;0;1
24-04-24 00:52;0,00;0,01;0;1
24-04-24 00:57;0,00;0,01;0;1
24-04-24 01:02;0,01;0,02;1;2
24-04-24 01:07;0,00;0,01;0;1
24-04-24 01:12;0,01;0,02;1;2
24-04-24 01:17;0,00;0,01;0;1
24-04-24 01:22;0,00;0,01;0;1
24-04-24 01:27;0,02;0,02;2;2
24-04-24 01:32;0,00;0,01;0;1
24-04-24 01:37;0,00;0,01;0;1
24-04-24 01:42;0,00;0,01;0;1
24-04-24 01:47;0,00;0,01;0;1
24-04-24 01:52;0,00;0,01;0;1
24-04-24 01:57;0,00;0,01;0;1
24-04-24 02:02;0,02;0,02;2;2
24-04-24 02:07;0,00;0,02;0;2
24-04-24 02:12;0,06;0,04;6;4
24-04-24 02:17;0,00;0,02;0;2
24-04-24 02:22;0,15;0,06;15;6
24-04-24 02:27;0,01;0,04;1;4
24-04-24 02:32;0,01;0,03;1;3
24-04-24 02:37;0,00;0,01;0;1
24-04-24 02:42;0,00;0,01;0;1
24-04-24 02:47;0,01;0,04;1;4
24-04-24 02:52;0,03;0,04;3;4
24-04-24 02:57;0,00;0,01;0;1
24-04-24 03:02;0,00;0,01;0;1
24-04-24 03:07;0,00;0,01;0;1
24-04-24 03:12;0,00;0,02;0;2
24-04-24 03:17;0,06;0,05;6;5
24-04-24 03:22;0,02;0,06;2;6
24-04-24 03:27;0,00;0,02;0;2
24-04-24 03:32;0,00;0,01;0;1
24-04-24 03:37;0,01;0,02;1;2
24-04-24 03:42;0,00;0,02;0;2
24-04-24 03:47;0,00;0,01;0;1
24-04-24 03:52;0,01;0,02;1;2
24-04-24 03:57;0,00;0,01;0;1
24-04-24 04:02;0,00;0,01;0;1
24-04-24 04:07;0,08;0,03;8;3
24-04-24 04:12;0,00;0,03;0;3
24-04-24 04:17;0,66;0,18;66;18
24-04-24 04:22;0,00;0,07;0;7
24-04-24 04:27;0,00;0,03;0;3
24-04-24 04:32;0,03;0,04;3;4
24-04-24 04:37;0,47;0,16;47;16
24-04-24 04:42;0,01;0,1;1;10
24-04-24 04:47;0,04;0,06;4;6
24-04-24 04:52;0,05;0,04;5;4
24-04-24 04:57;0,00;0,03;0;3
24-04-24 05:02;0,05;0,03;5;3
24-04-24 05:07;0,00;0,03;0;3
24-04-24 05:12;0,01;0,02;1;2
24-04-24 05:17;0,00;0,01;0;1
24-04-24 05:22;0,02;0,02;2;2
24-04-24 05:27;0,00;0,01;0;1
24-04-24 05:32;0,05;0,03;5;3
24-04-24 05:37;0,00;0,01;0;1
24-04-24 05:42;0,01;0,03;1;3
24-04-24 05:47;0,08;0,05;8;5
24-04-24 05:52;0,00;0,02;0;2
24-04-24 05:57;0,00;0,01;0;1
24-04-24 06:02;0,00;0,01;0;1
24-04-24 06:07;0,00;0,02;0;2
24-04-24 06:12;0,02;0,04;2;4
24-04-24 06:17;0,03;0,03;3;3
24-04-24 06:22;0,06;0,03;6;3
24-04-24 06:27;0,00;0,01;0;1
24-04-24 06:33;0,00;0,01;0;1
24-04-24 06:38;0,00;0,01;0;1
24-04-24 06:43;0,09;0,05;9;5
24-04-24 06:48;0,01;0,04;1;4
24-04-24 06:53;0,00;0,01;0;1
24-04-24 06:58;0,00;0,01;0;1
24-04-24 07:03;0,05;0,04;5;4
24-04-24 07:08;0,08;0,04;8;4
24-04-24 07:13;0,09;0,05;9;5
24-04-24 07:18;0,01;0,04;1;4
24-04-24 07:23;0,10;0,04;10;4
24-04-24 07:28;0,00;0,01;0;1
24-04-24 07:33;0,00;0,01;0;1
24-04-24 07:38;0,00;0,01;0;1
24-04-24 07:43;0,00;0,01;0;1
24-04-24 07:48;0,01;0,03;1;3
24-04-24 07:53;0,01;0,03;1;3
24-04-24 07:58;0,17;0,06;17;6
24-04-24 08:03;0,02;0,04;2;4
24-04-24 08:08;0,00;0,01;0;1
24-04-24 08:13;0,01;0,03;1;3
24-04-24 08:18;0,01;0,03;1;3
24-04-24 08:23;0,00;0,01;0;1
24-04-24 08:28;0,00;0,01;0;1
24-04-24 08:33;0,00;0,01;0;1
24-04-24 08:38;0,03;0,04;3;4
24-04-24 08:43;0,00;0,01;0;1
24-04-24 08:48;0,00;0,01;0;1
24-04-24 08:53;0,00;0,01;0;1
24-04-24 08:58;0,03;0,03;3;3
24-04-24 09:03;0,00;0,01;0;1
24-04-24 09:08;0,02;0,05;2;5
24-04-24 09:13;0,02;0,03;2;3
24-04-24 09:18;0,00;0,02;0;2
24-04-24 09:23;0,00;0,01;0;1
24-04-24 09:28;0,01;0,03;1;3
24-04-24 09:33;0,00;0,01;0;1
24-04-24 09:38;0,00;0,01;0;1
24-04-24 09:43;0,00;0,01;0;1
24-04-24 09:48;0,00;0,01;0;1
24-04-24 09:53;0,00;0,01;0;1
24-04-24 09:58;0,00;0,01;0;1
24-04-24 10:03;0,01;0,02;1;2
24-04-24 10:08;0,00;0,01;0;1
24-04-24 10:13;0,00;0,01;0;1
24-04-24 10:18;0,00;0,01;0;1
24-04-24 10:23;0,00;0,01;0;1
24-04-24 10:28;0,00;0,01;0;1
24-04-24 10:33;0,06;0,07;6;7
24-04-24 10:38;0,00;0,03;0;3
24-04-24 10:43;0,00;0,01;0;1
24-04-24 10:48;0,03;0,03;3;3
24-04-24 10:53;0,01;0,03;1;3
24-04-24 10:58;0,00;0,03;0;3
24-04-24 11:03;0,05;0,03;5;3
24-04-24 11:08;0,11;0,06;11;6
24-04-24 11:13;0,05;0,05;5;5
24-04-24 11:18;1,07;0,3;107;30
24-04-24 11:23;0,08;0,16;8;16
24-04-24 11:28;0,05;0,09;5;9
24-04-24 11:33;0,00;0,03;0;3
24-04-24 11:38;0,00;0,01;0;1
24-04-24 11:43;0,00;0,01;0;1
24-04-24 11:48;0,09;0,05;9;5
24-04-24 11:53;0,00;0,03;0;3
24-04-24 11:58;0,00;0,02;0;2
24-04-24 12:03;0,13;0,08;13;8
24-04-24 12:08;0,15;0,12;15;12
24-04-24 12:13;0,09;0,08;9;8
24-04-24 12:18;0,00;0,05;0;5
24-04-24 12:23;0,00;0,02;0;2
24-04-24 12:28;0,05;0,04;5;4
24-04-24 12:33;0,15;0,16;15;16
24-04-24 12:38;0,05;0,12;5;12
24-04-24 12:43;0,03;0,08;3;8
24-04-24 12:48;0,00;0,03;0;3
24-04-24 12:53;0,07;0,03;7;3
24-04-24 12:58;0,00;0,01;0;1
24-04-24 13:03;0,00;0,01;0;1
24-04-24 13:08;0,00;0,01;0;1
24-04-24 13:13;0,10;0,05;10;5
24-04-24 13:18;0,03;0,07;3;7
24-04-24 13:23;0,00;0,03;0;3
24-04-24 13:28;0,02;0,04;2;4
24-04-24 13:33;0,00;0,02;0;2
24-04-24 13:38;0,00;0,01;0;1
24-04-24 13:43;0,17;0,06;17;6
24-04-24 13:48;0,00;0,02;0;2
24-04-24 13:53;0,00;0,01;0;1
24-04-24 13:58;0,02;0,04;2;4
24-04-24 14:03;0,03;0,04;3;4
24-04-24 14:08;0,00;0,01;0;1
24-04-24 14:13;0,00;0,01;0;1
24-04-24 14:18;0,00;0,01;0;1
24-04-24 14:23;0,00;0,01;0;1
24-04-24 14:28;0,08;0,03;8;3
24-04-24 14:33;0,00;0,01;0;1
24-04-24 14:38;0,00;0,01;0;1
24-04-24 14:43;0,00;0,01;0;1
24-04-24 14:48;0,00;0,01;0;1
24-04-24 14:53;0,05;0,04;5;4
24-04-24 14:58;0,01;0,04;1;4
24-04-24 15:03;0,04;0,03;4;3
24-04-24 15:08;0,01;0,04;1;4
24-04-24 15:13;0,00;0,01;0;1
24-04-24 15:18;0,00;0,01;0;1
24-04-24 15:23;0,00;0,01;0;1
24-04-24 15:28;0,00;0,01;0;1
24-04-24 15:33;0,02;0,03;2;3
24-04-24 15:38;0,00;0,01;0;1
24-04-24 15:43;0,02;0,02;2;2
24-04-24 15:48;0,00;0,01;0;1
24-04-24 15:53;0,02;0,04;2;4
24-04-24 15:58;0,00;0,01;0;1
24-04-24 16:03;0,14;0,07;14;7
24-04-24 16:08;0,00;0,04;0;4
24-04-24 16:13;0,06;0,03;6;3
24-04-24 16:18;0,00;0,02;0;2
24-04-24 16:23;0,05;0,04;5;4
24-04-24 16:28;0,01;0,03;1;3
24-04-24 16:33;0,07;0,07;7;7
24-04-24 16:38;0,00;0,03;0;3
24-04-24 16:43;0,01;0,03;1;3
24-04-24 16:48;0,00;0,03;0;3
24-04-24 16:53;0,09;0,06;9;6
24-04-24 16:58;0,00;0,02;0;2
24-04-24 17:03;0,01;0,02;1;2
24-04-24 17:08;0,01;0,02;1;2
24-04-24 17:13;0,00;0,01;0;1
24-04-24 17:18;0,00;0,01;0;1
24-04-24 17:23;0,06;0,03;6;3
24-04-24 17:28;0,00;0,02;0;2
24-04-24 17:33;0,06;0,03;6;3
24-04-24 17:38;0,00;0,01;0;1
24-04-24 17:43;0,00;0,01;0;1
24-04-24 17:48;0,00;0,01;0;1
24-04-24 17:53;0,07;0,05;7;5
24-04-24 17:58;0,00;0,03;0;3
24-04-24 18:03;0,00;0,01;0;1
24-04-24 18:08;0,01;0,03;1;3
24-04-24 18:13;0,06;0,08;6;8
24-04-24 18:18;0,06;0,06;6;6
24-04-24 18:23;0,00;0,02;0;2
24-04-24 18:28;0,00;0,01;0;1
24-04-24 18:33;0,00;0,01;0;1
24-04-24 18:38;0,00;0,01;0;1
24-04-24 18:43;0,00;0,01;0;1
24-04-24 18:48;0,00;0,01;0;1
24-04-24 18:53;0,05;0,04;5;4
24-04-24 18:58;0,01;0,04;1;4
24-04-24 19:03;0,01;0,02;1;2
24-04-24 19:08;0,00;0,01;0;1
24-04-24 19:13;0,00;0,03;0;3
24-04-24 19:18;0,00;0,01;0;1
24-04-24 19:23;0,05;0,04;5;4
24-04-24 19:28;0,00;0,01;0;1
24-04-24 19:33;0,03;0,04;3;4
24-04-24 19:38;0,00;0,01;0;1
24-04-24 19:43;0,01;0,03;1;3
24-04-24 19:48;0,00;0,03;0;3
24-04-24 19:53;0,00;0,01;0;1
24-04-24 19:58;0,00;0,01;0;1
24-04-24 20:03;0,01;0,02;1;2
24-04-24 20:08;0,00;0,01;0;1
24-04-24 20:13;0,00;0,01;0;1
24-04-24 20:18;0,01;0,02;1;2
24-04-24 20:23;0,00;0,01;0;1
24-04-24 20:28;0,00;0,01;0;1
24-04-24 20:33;0,04;0,03;4;3
24-04-24 20:38;0,00;0,01;0;1
24-04-24 20:43;0,02;0,02;2;2
24-04-24 20:48;0,00;0,01;0;1
24-04-24 20:53;0,01;0,03;1;3
24-04-24 20:58;0,00;0,01;0;1
24-04-24 21:03;0,00;0,01;0;1
24-04-24 21:08;0,08;0,04;8;4
24-04-24 21:13;0,16;0,05;16;5
24-04-24 21:18;0,00;0,03;0;3
24-04-24 21:23;0,05;0,05;5;5
24-04-24 21:28;0,00;0,02;0;2
24-04-24 21:33;0,09;0,06;9;6
24-04-24 21:38;0,00;0,02;0;2
24-04-24 21:43;0,00;0,01;0;1
24-04-24 21:48;0,00;0,01;0;1
24-04-24 21:53;0,03;0,02;3;2
24-04-24 21:58;0,00;0,01;0;1
24-04-24 22:03;0,02;0,02;2;2
24-04-24 22:08;0,03;0,05;3;5
24-04-24 22:13;0,06;0,04;6;4
24-04-24 22:18;0,07;0,03;7;3
24-04-24 22:23;0,00;0,02;0;2
24-04-24 22:28;0,00;0,02;0;2
24-04-24 22:33;0,00;0,01;0;1
24-04-24 22:38;0,00;0,01;0;1
24-04-24 22:43;0,00;0,01;0;1
24-04-24 22:48;0,01;0,04;1;4
24-04-24 22:53;0,04;0,07;4;7
24-04-24 22:58;0,10;0,08;10;8
24-04-24 23:03;0,03;0,06;3;6
24-04-24 23:08;0,00;0,03;0;3
24-04-24 23:13;0,04;0,03;4;3
24-04-24 23:18;0,00;0,01;0;1
24-04-24 23:23;0,00;0,01;0;1
24-04-24 23:28;0,00;0,01;0;1
24-04-24 23:33;0,00;0,01;0;1
24-04-24 23:38;0,01;0,02;1;2
24-04-24 23:43;0,12;0,04;12;4
24-04-24 23:48;0,00;0,02;0;2
24-04-24 23:53;0,00;0,01;0;1
24-04-24 23:58;0,03;0,02;3;2
25-04-24 00:03;0,09;0,05;9;5
25-04-24 00:08;0,00;0,02;0;2
25-04-24 00:13;0,00;0,01;0;1
25-04-24 00:18;0,00;0,01;0;1
25-04-24 00:23;0,03;0,03;3;3
25-04-24 00:28;0,03;0,04;3;4
25-04-24 00:33;0,07;0,03;7;3
25-04-24 00:38;0,00;0,02;0;2
25-04-24 00:43;0,08;0,04;8;4
25-04-24 00:48;0,00;0,01;0;1
25-04-24 00:53;0,00;0,01;0;1
25-04-24 00:58;0,00;0,01;0;1
25-04-24 01:03;0,03;0,02;3;2
25-04-24 01:08;0,00;0,01;0;1
25-04-24 01:13;0,00;0,01;0;1
25-04-24 01:18;0,00;0,01;0;1
25-04-24 01:23;0,01;0,02;1;2
25-04-24 01:28;0,02;0,02;2;2
25-04-24 01:33;0,00;0,02;0;2
25-04-24 01:38;0,00;0,01;0;1
25-04-24 01:43;0,00;0,01;0;1
25-04-24 01:48;0,00;0,01;0;1
25-04-24 01:53;0,32;0,09;32;9
25-04-24 01:58;0,07;0,05;7;5
25-04-24 02:03;0,00;0,02;0;2
25-04-24 02:08;0,00;0,01;0;1
25-04-24 02:13;0,00;0,01;0;1
25-04-24 02:18;0,09;0,06;9;6
25-04-24 02:23;0,00;0,02;0;2
25-04-24 02:28;0,00;0,01;0;1
25-04-24 02:33;0,00;0,01;0;1
25-04-24 02:38;0,07;0,03;7;3
25-04-24 02:43;0,04;0,04;4;4
25-04-24 02:48;0,05;0,04;5;4
25-04-24 02:53;0,01;0,06;1;6
25-04-24 02:58;0,05;0,04;5;4
25-04-24 03:03;0,05;0,03;5;3
25-04-24 03:08;0,00;0,01;0;1
25-04-24 03:13;0,00;0,01;0;1
25-04-24 03:18;0,01;0,02;1;2
25-04-24 03:23;0,00;0,02;0;2
25-04-24 03:28;0,06;0,03;6;3
25-04-24 03:33;0,00;0,01;0;1
25-04-24 03:38;0,00;0,01;0;1
25-04-24 03:43;0,00;0,01;0;1
25-04-24 03:48;0,00;0,01;0;1
25-04-24 03:53;0,02;0,05;2;5
25-04-24 03:58;0,00;0,02;0;2
25-04-24 04:03;0,00;0,01;0;1
25-04-24 04:08;0,00;0,01;0;1
25-04-24 04:13;0,00;0,01;0;1
25-04-24 04:18;0,00;0,01;0;1
25-04-24 04:23;0,00;0,01;0;1
25-04-24 04:28;0,00;0,01;0;1
25-04-24 04:33;0,00;0,01;0;1
25-04-24 04:38;0,00;0,01;0;1
25-04-24 04:43;0,00;0,01;0;1
25-04-24 04:48;0,00;0,01;0;1
25-04-24 04:53;0,00;0,01;0;1
25-04-24 04:58;0,00;0,01;0;1
25-04-24 05:03;0,00;0,01;0;1
25-04-24 05:08;0,07;0,04;7;4
25-04-24 05:13;0,01;0,03;1;3
25-04-24 05:18;0,00;0,01;0;1
25-04-24 05:23;0,01;0,03;1;3
25-04-24 05:28;0,00;0,01;0;1
25-04-24 05:33;0,00;0,01;0;1
25-04-24 05:38;0,00;0,01;0;1
25-04-24 05:43;0,06;0,04;6;4
25-04-24 05:48;0,07;0,03;7;3
25-04-24 05:53;0,00;0,01;0;1
25-04-24 05:58;0,00;0,01;0;1
25-04-24 06:03;0,00;0,01;0;1
25-04-24 06:08;0,00;0,01;0;1
25-04-24 06:13;0,03;0,04;3;4
25-04-24 06:18;0,01;0,02;1;2
25-04-24 06:23;0,00;0,01;0;1
25-04-24 06:28;0,00;0,01;0;1
25-04-24 06:33;0,03;0,05;3;5
25-04-24 06:38;0,00;0,02;0;2
25-04-24 06:43;0,05;0,03;5;3
25-04-24 06:48;0,00;0,01;0;1
25-04-24 06:53;0,01;0,03;1;3
25-04-24 06:58;0,01;0,03;1;3
25-04-24 07:03;0,09;0,06;9;6
25-04-24 07:08;0,00;0,02;0;2
25-04-24 07:13;0,03;0,04;3;4
25-04-24 07:18;0,00;0,02;0;2
25-04-24 07:23;0,00;0,01;0;1
25-04-24 07:28;0,00;0,01;0;1
25-04-24 07:33;0,00;0,01;0;1
25-04-24 07:38;0,03;0,03;3;3
25-04-24 07:43;0,00;0,01;0;1
25-04-24 07:48;0,00;0,02;0;2
25-04-24 07:53;0,00;0,01;0;1
25-04-24 07:58;0,00;0,01;0;1
25-04-24 08:03;0,01;0,02;1;2
25-04-24 08:08;0,00;0,03;0;3
25-04-24 08:13;0,00;0,02;0;2
25-04-24 08:18;0,03;0,04;3;4
25-04-24 08:23;0,00;0,01;0;1
25-04-24 08:28;0,00;0,01;0;1
25-04-24 08:33;0,02;0,03;2;3
25-04-24 08:38;0,01;0,03;1;3
25-04-24 08:43;0,09;0,05;9;5
25-04-24 08:48;0,08;0,1;8;10
25-04-24 08:53;0,03;0,06;3;6
25-04-24 08:58;0,05;0,05;5;5
25-04-24 09:03;0,06;0,11;6;11
25-04-24 09:08;0,00;0,04;0;4
25-04-24 09:13;0,02;0,05;2;5
25-04-24 09:18;0,09;0,07;9;7
25-04-24 09:23;0,00;0,04;0;4
25-04-24 09:28;0,05;0,05;5;5
25-04-24 09:33;0,01;0,04;1;4
25-04-24 09:38;0,00;0,03;0;3
25-04-24 09:43;0,00;0,02;0;2
25-04-24 09:48;0,00;0,01;0;1
25-04-24 09:53;0,00;0,01;0;1
25-04-24 09:58;0,00;0,01;0;1
25-04-24 10:03;0,02;0,06;2;6
25-04-24 10:08;0,01;0,04;1;4
25-04-24 10:13;0,05;0,04;5;4
25-04-24 10:18;0,02;0,04;2;4
25-04-24 10:23;0,02;0,03;2;3
25-04-24 10:28;0,01;0,02;1;2
25-04-24 10:33;0,01;0,04;1;4
25-04-24 10:38;0,00;0,01;0;1
25-04-24 10:43;0,09;0,05;9;5
25-04-24 10:48;0,12;0,06;12;6
25-04-24 10:53;0,00;0,02;0;2
25-04-24 10:58;0,00;0,01;0;1
25-04-24 11:03;0,02;0,06;2;6
25-04-24 11:08;0,03;0,04;3;4
25-04-24 11:13;0,00;0,03;0;3
25-04-24 11:18;0,00;0,01;0;1
25-04-24 11:23;0,05;0,04;5;4
25-04-24 11:28;0,08;0,09;8;9
25-04-24 11:33;0,04;0,05;4;5
25-04-24 11:38;0,00;0,03;0;3
25-04-24 11:43;0,00;0,02;0;2
25-04-24 11:48;0,04;0,03;4;3
25-04-24 11:53;0,02;0,02;2;2
25-04-24 11:58;0,13;0,06;13;6
25-04-24 12:03;0,00;0,02;0;2
25-04-24 12:08;0,00;0,01;0;1
25-04-24 12:13;0,28;0,08;28;8
25-04-24 12:18;0,10;0,09;10;9
25-04-24 12:23;0,00;0,04;0;4
25-04-24 12:28;0,00;0,02;0;2
25-04-24 12:33;0,02;0,04;2;4
25-04-24 12:38;0,00;0,01;0;1
25-04-24 12:43;0,03;0,02;3;2
25-04-24 12:48;0,15;0,05;15;5
25-04-24 12:53;0,10;0,08;10;8
25-04-24 12:58;0,00;0,04;0;4
25-04-24 13:03;0,05;0,04;5;4
25-04-24 13:08;0,00;0,02;0;2
25-04-24 13:13;0,02;0,02;2;2
25-04-24 13:18;0,00;0,01;0;1
25-04-24 13:23;0,00;0,01;0;1
25-04-24 13:28;0,00;0,01;0;1
25-04-24 13:33;0,00;0,01;0;1
25-04-24 13:38;0,04;0,04;4;4
25-04-24 13:43;0,00;0,01;0;1
25-04-24 13:48;0,01;0,02;1;2
25-04-24 13:53;0,00;0,01;0;1
25-04-24 13:58;0,00;0,01;0;1
25-04-24 14:03;0,01;0,02;1;2
25-04-24 14:08;0,02;0,02;2;2
25-04-24 14:13;0,02;0,04;2;4
25-04-24 14:18;0,02;0,06;2;6
25-04-24 14:23;0,03;0,04;3;4
25-04-24 14:28;0,05;0,05;5;5
25-04-24 14:33;0,04;0,04;4;4
25-04-24 14:38;0,01;0,04;1;4
25-04-24 14:43;0,00;0,01;0;1
25-04-24 14:49;0,05;0,03;5;3
25-04-24 14:54;0,07;0,03;7;3
25-04-24 14:59;0,04;0,03;4;3
25-04-24 15:04;0,00;0,01;0;1
25-04-24 15:09;0,00;0,01;0;1
25-04-24 15:14;0,00;0,01;0;1
25-04-24 15:19;0,00;0,02;0;2
25-04-24 15:24;0,01;0,02;1;2
25-04-24 15:29;0,04;0,03;4;3
25-04-24 15:34;0,00;0,01;0;1
25-04-24 15:39;0,03;0,03;3;3
25-04-24 15:44;0,00;0,01;0;1
25-04-24 15:49;0,00;0,01;0;1
25-04-24 15:54;0,00;0,02;0;2
25-04-24 15:59;0,00;0,01;0;1
25-04-24 16:04;0,00;0,01;0;1
25-04-24 16:09;0,01;0,02;1;2
25-04-24 16:14;0,01;0,02;1;2
25-04-24 16:19;0,01;0,02;1;2
25-04-24 16:24;0,00;0,01;0;1
25-04-24 16:29;0,00;0,01;0;1
25-04-24 16:34;0,06;0,03;6;3
25-04-24 16:39;0,00;0,03;0;3
25-04-24 16:44;0,00;0,01;0;1
25-04-24 16:49;0,00;0,03;0;3
25-04-24 16:54;0,10;0,06;10;6
25-04-24 16:59;0,00;0,03;0;3
25-04-24 17:04;0,00;0,02;0;2
25-04-24 17:09;0,00;0,01;0;1
25-04-24 17:14;0,10;0,07;10;7
25-04-24 17:19;0,00;0,04;0;4
25-04-24 17:24;0,00;0,03;0;3
25-04-24 17:29;0,08;0,03;8;3
25-04-24 17:34;0,00;0,01;0;1
25-04-24 17:39;0,08;0,09;8;9
25-04-24 17:44;0,00;0,04;0;4
25-04-24 17:49;0,04;0,03;4;3
25-04-24 17:54;0,00;0,03;0;3
25-04-24 17:59;0,00;0,01;0;1
25-04-24 18:04;0,00;0,01;0;1
25-04-24 18:09;0,00;0,01;0;1
25-04-24 18:14;0,00;0,01;0;1
25-04-24 18:19;0,11;0,05;11;5
25-04-24 18:24;0,00;0,02;0;2
25-04-24 18:29;0,00;0,01;0;1
25-04-24 18:34;0,01;0,02;1;2
25-04-24 18:39;0,00;0,02;0;2
25-04-24 18:44;0,00;0,01;0;1
25-04-24 18:49;0,14;0,05;14;5
25-04-24 18:54;0,00;0,02;0;2
25-04-24 18:59;0,00;0,01;0;1
25-04-24 19:04;0,00;0,01;0;1
25-04-24 19:09;0,00;0,01;0;1
25-04-24 19:14;0,00;0,02;0;2
25-04-24 19:19;0,16;0,05;16;5
25-04-24 19:24;0,01;0,03;1;3
25-04-24 19:29;0,00;0,02;0;2
25-04-24 19:34;0,06;0,03;6;3
25-04-24 19:39;0,00;0,01;0;1
25-04-24 19:44;0,00;0,01;0;1
25-04-24 19:49;0,00;0,01;0;1
25-04-24 19:54;0,01;0,02;1;2
25-04-24 19:59;0,00;0,01;0;1
25-04-24 20:04;0,00;0,02;0;2
25-04-24 20:09;0,02;0,03;2;3
25-04-24 20:14;0,00;0,01;0;1
25-04-24 20:19;0,02;0,02;2;2
25-04-24 20:24;0,03;0,04;3;4
25-04-24 20:29;0,01;0,02;1;2
25-04-24 20:34;0,13;0,04;13;4
25-04-24 20:39;0,04;0,03;4;3
25-04-24 20:44;0,00;0,03;0;3
25-04-24 20:49;0,00;0,03;0;3
25-04-24 20:54;0,00;0,01;0;1
25-04-24 20:59;0,20;0,08;20;8
25-04-24 21:04;0,03;0,07;3;7
25-04-24 21:09;0,02;0,06;2;6
25-04-24 21:14;0,03;0,04;3;4
25-04-24 21:19;0,00;0,01;0;1
25-04-24 21:24;0,05;0,03;5;3
25-04-24 21:29;0,05;0,03;5;3
25-04-24 21:34;0,01;0,04;1;4
25-04-24 21:39;0,01;0,02;1;2
25-04-24 21:44;0,00;0,01;0;1
25-04-24 21:49;0,03;0,04;3;4
25-04-24 21:54;0,00;0,02;0;2
25-04-24 21:59;0,27;0,13;27;13
25-04-24 22:04;0,01;0,06;1;6
25-04-24 22:09;0,00;0,02;0;2
25-04-24 22:14;0,00;0,01;0;1
25-04-24 22:19;0,03;0,03;3;3
25-04-24 22:24;0,02;0,02;2;2
25-04-24 22:29;0,00;0,03;0;3
25-04-24 22:34;0,00;0,01;0;1
25-04-24 22:39;0,00;0,01;0;1
25-04-24 22:44;0,04;0,04;4;4
25-04-24 22:49;0,00;0,01;0;1
25-04-24 22:54;0,00;0,01;0;1
25-04-24 22:59;0,01;0,02;1;2
25-04-24 23:04;0,01;0,02;1;2
25-04-24 23:09;0,00;0,01;0;1
25-04-24 23:14;0,00;0,01;0;1
25-04-24 23:19;0,00;0,02;0;2
25-04-24 23:24;0,00;0,01;0;1
25-04-24 23:29;0,00;0,01;0;1
25-04-24 23:34;0,00;0,01;0;1
25-04-24 23:39;0,02;0,04;2;4
25-04-24 23:44;0,00;0,01;0;1
25-04-24 23:49;0,00;0,01;0;1
25-04-24 23:54;0,00;0,01;0;1
25-04-24 23:59;0,00;0,01;0;1
26-04-24 00:04;0,00;0,01;0;1
26-04-24 00:09;0,01;0,03;1;3
26-04-24 00:14;0,12;0,05;12;5
26-04-24 00:19;0,00;0,02;0;2
26-04-24 00:24;0,00;0,01;0;1
26-04-24 00:29;0,00;0,01;0;1
26-04-24 00:34;0,00;0,01;0;1
26-04-24 00:39;0,00;0,01;0;1
26-04-24 00:44;0,02;0,04;2;4
26-04-24 00:49;0,06;0,03;6;3
26-04-24 00:54;0,01;0,02;1;2
26-04-24 00:59;0,15;0,07;15;7
26-04-24 01:04;0,02;0,04;2;4
26-04-24 01:09;0,00;0,02;0;2
26-04-24 01:14;0,00;0,01;0;1
26-04-24 01:19;0,00;0,01;0;1
26-04-24 01:24;0,03;0,03;3;3
26-04-24 01:29;0,00;0,01;0;1
26-04-24 01:34;0,00;0,01;0;1
26-04-24 01:39;0,00;0,01;0;1
26-04-24 01:44;0,24;0,15;24;15
26-04-24 01:49;0,00;0,06;0;6
26-04-24 01:54;0,00;0,02;0;2
26-04-24 01:59;0,00;0,01;0;1
26-04-24 02:04;0,00;0,01;0;1
26-04-24 02:09;0,01;0,03;1;3
26-04-24 02:14;0,00;0,03;0;3
26-04-24 02:19;0,00;0,01;0;1
26-04-24 02:24;0,15;0,05;15;5
26-04-24 02:29;0,00;0,03;0;3
26-04-24 02:34;0,00;0,01;0;1
26-04-24 02:39;0,00;0,01;0;1
26-04-24 02:44;0,00;0,01;0;1
26-04-24 02:49;0,00;0,01;0;1
26-04-24 02:54;0,14;0,05;14;5
26-04-24 02:59;0,00;0,02;0;2
26-04-24 03:04;0,03;0,04;3;4
26-04-24 03:09;0,00;0,03;0;3
26-04-24 03:14;0,00;0,01;0;1
26-04-24 03:19;0,00;0,03;0;3
26-04-24 03:24;0,00;0,02;0;2
26-04-24 03:29;0,00;0,01;0;1
26-04-24 03:34;0,09;0,04;9;4
26-04-24 03:39;0,01;0,03;1;3
26-04-24 03:44;0,05;0,03;5;3
26-04-24 03:49;0,01;0,02;1;2
26-04-24 03:54;0,06;0,05;6;5
26-04-24 03:59;0,03;0,05;3;5
26-04-24 04:04;0,00;0,03;0;3
26-04-24 04:09;0,09;0,07;9;7
26-04-24 04:14;0,02;0,06;2;6
26-04-24 04:19;0,00;0,04;0;4
26-04-24 04:24;0,00;0,01;0;1
26-04-24 04:29;0,00;0,01;0;1
26-04-24 04:34;0,00;0,01;0;1
26-04-24 04:39;0,00;0,01;0;1
26-04-24 04:44;0,00;0,01;0;1
26-04-24 04:49;0,00;0,01;0;1
26-04-24 04:54;0,00;0,01;0;1
26-04-24 04:59;0,00;0,01;0;1
26-04-24 05:04;0,00;0,01;0;1
26-04-24 05:09;0,03;0,03;3;3
26-04-24 05:14;0,00;0,01;0;1
26-04-24 05:19;0,00;0,03;0;3
26-04-24 05:24;0,00;0,01;0;1
26-04-24 05:29;0,00;0,01;0;1
26-04-24 05:34;0,02;0,02;2;2
26-04-24 05:39;0,01;0,03;1;3
26-04-24 05:44;0,02;0,02;2;2
26-04-24 05:49;0,05;0,04;5;4
26-04-24 05:54;0,02;0,04;2;4
26-04-24 05:59;0,00;0,03;0;3
26-04-24 06:04;0,04;0,06;4;6
26-04-24 06:09;0,00;0,02;0;2
26-04-24 06:14;0,02;0,03;2;3
26-04-24 06:19;0,00;0,01;0;1
26-04-24 06:24;0,00;0,02;0;2
26-04-24 06:29;0,02;0,02;2;2
26-04-24 06:34;0,00;0,01;0;1
26-04-24 06:39;0,01;0,02;1;2
26-04-24 06:44;0,12;0,05;12;5
26-04-24 06:49;0,00;0,02;0;2
26-04-24 06:54;0,00;0,01;0;1
26-04-24 06:59;0,00;0,01;0;1
26-04-24 07:04;0,00;0,02;0;2
26-04-24 07:09;0,05;0,03;5;3
26-04-24 07:14;0,00;0,02;0;2
26-04-24 07:19;0,01;0,02;1;2
26-04-24 07:24;0,00;0,01;0;1
26-04-24 07:29;0,02;0,04;2;4
26-04-24 07:34;0,00;0,01;0;1
26-04-24 07:39;0,00;0,02;0;2
26-04-24 07:44;0,00;0,01;0;1
26-04-24 07:49;0,01;0,03;1;3
26-04-24 07:54;0,00;0,01;0;1
26-04-24 07:59;0,03;0,03;3;3
26-04-24 08:04;0,00;0,01;0;1
26-04-24 08:09;0,07;0,03;7;3
26-04-24 08:14;0,00;0,01;0;1
26-04-24 08:19;0,00;0,01;0;1
26-04-24 08:24;0,08;0,03;8;3
26-04-24 08:29;0,00;0,03;0;3
26-04-24 08:34;0,02;0,02;2;2
26-04-24 08:39;0,00;0,01;0;1
26-04-24 08:44;0,01;0,02;1;2
26-04-24 08:49;0,00;0,01;0;1
26-04-24 08:54;0,00;0,01;0;1
26-04-24 08:59;0,16;0,05;16;5
26-04-24 09:04;0,10;0,08;10;8
26-04-24 09:09;0,09;0,07;9;7
26-04-24 09:14;0,01;0,04;1;4
26-04-24 09:19;0,10;0,06;10;6
26-04-24 09:24;0,00;0,02;0;2
26-04-24 09:29;0,00;0,01;0;1
26-04-24 09:34;0,00;0,01;0;1
26-04-24 09:39;0,00;0,02;0;2
26-04-24 09:44;0,00;0,01;0;1
26-04-24 09:49;0,00;0,01;0;1
26-04-24 09:54;0,03;0,04;3;4
26-04-24 09:59;0,00;0,01;0;1
26-04-24 10:04;0,04;0,04;4;4
26-04-24 10:09;0,00;0,01;0;1
26-04-24 10:14;0,04;0,04;4;4
26-04-24 10:19;0,06;0,07;6;7
26-04-24 10:24;0,00;0,03;0;3
26-04-24 10:29;0,00;0,02;0;2
26-04-24 10:34;0,02;0,03;2;3
26-04-24 10:39;0,00;0,01;0;1
26-04-24 10:44;0,00;0,01;0;1
26-04-24 10:49;0,28;0,09;28;9
26-04-24 10:54;0,00;0,04;0;4
26-04-24 10:59;0,00;0,01;0;1
26-04-24 11:04;0,04;0,04;4;4
26-04-24 11:09;0,06;0,04;6;4
26-04-24 11:14;0,00;0,01;0;1
26-04-24 11:19;0,02;0,02;2;2
26-04-24 11:24;0,00;0,01;0;1
26-04-24 11:29;0,02;0,02;2;2
26-04-24 11:34;0,00;0,01;0;1
26-04-24 11:39;0,00;0,01;0;1
26-04-24 11:44;0,01;0,02;1;2
26-04-24 11:49;0,04;0,04;4;4
26-04-24 11:54;0,05;0,1;5;10
26-04-24 11:59;0,00;0,04;0;4
26-04-24 12:04;0,00;0,01;0;1
26-04-24 12:09;0,00;0,02;0;2
26-04-24 12:14;0,00;0,02;0;2
26-04-24 12:19;0,00;0,01;0;1
26-04-24 12:24;0,01;0,03;1;3
26-04-24 12:29;0,04;0,04;4;4
26-04-24 12:34;0,06;0,04;6;4
26-04-24 12:39;0,00;0,03;0;3
26-04-24 12:44;0,07;0,04;7;4
26-04-24 12:49;0,05;0,03;5;3
26-04-24 12:54;0,00;0,01;0;1
26-04-24 12:59;0,00;0,01;0;1
26-04-24 13:04;0,00;0,01;0;1
26-04-24 13:09;0,01;0,03;1;3
26-04-24 13:14;0,02;0,04;2;4
26-04-24 13:19;0,14;0,07;14;7
26-04-24 13:24;0,01;0,04;1;4
26-04-24 13:29;0,01;0,04;1;4
26-04-24 13:34;0,04;0,06;4;6
26-04-24 13:39;0,00;0,02;0;2
26-04-24 13:44;0,00;0,03;0;3
26-04-24 13:49;0,00;0,01;0;1
26-04-24 13:54;0,00;0,01;0;1
26-04-24 13:59;0,00;0,01;0;1
26-04-24 14:04;0,00;0,01;0;1
26-04-24 14:09;0,01;0,03;1;3
26-04-24 14:14;0,00;0,02;0;2
26-04-24 14:19;0,00;0,01;0;1
26-04-24 14:24;0,06;0,03;6;3
26-04-24 14:29;0,00;0,01;0;1
26-04-24 14:34;0,04;0,03;4;3
26-04-24 14:39;0,00;0,01;0;1
26-04-24 14:44;0,00;0,01;0;1
26-04-24 14:49;0,00;0,01;0;1
26-04-24 14:54;0,00;0,01;0;1
26-04-24 14:59;0,01;0,02;1;2
26-04-24 15:04;0,01;0,02;1;2
26-04-24 15:09;0,01;0,02;1;2
26-04-24 15:14;0,00;0,01;0;1
26-04-24 15:19;0,00;0,01;0;1
26-04-24 15:24;0,09;0,06;9;6
26-04-24 15:29;0,01;0,04;1;4
26-04-24 15:34;0,00;0,03;0;3
26-04-24 15:39;0,06;0,03;6;3
26-04-24 15:44;0,02;0,02;2;2
26-04-24 15:49;0,00;0,01;0;1
26-04-24 15:54;0,00;0,01;0;1
26-04-24 15:59;0,17;0,06;17;6
26-04-24 16:04;0,00;0,02;0;2
26-04-24 16:09;0,00;0,01;0;1
26-04-24 16:14;0,11;0,04;11;4
26-04-24 16:19;0,01;0,03;1;3
26-04-24 16:24;0,09;0,04;9;4
26-04-24 16:29;0,07;0,05;7;5
26-04-24 16:34;0,00;0,03;0;3
26-04-24 16:39;0,07;0,06;7;6
26-04-24 16:44;0,00;0,02;0;2
26-04-24 16:49;0,00;0,01;0;1
26-04-24 16:54;0,00;0,01;0;1
26-04-24 16:59;0,00;0,01;0;1
26-04-24 17:04;0,03;0,03;3;3
26-04-24 17:09;0,04;0,04;4;4
26-04-24 17:14;0,00;0,02;0;2
26-04-24 17:19;0,00;0,01;0;1
26-04-24 17:24;0,03;0,02;3;2
26-04-24 17:29;0,01;0,02;1;2
26-04-24 17:34;0,01;0,02;1;2
26-04-24 17:39;0,04;0,09;4;9
26-04-24 17:44;0,27;0,15;27;15
26-04-24 17:49;0,03;0,12;3;12
26-04-24 17:54;0,29;0,33;29;33
26-04-24 17:59;0,00;0,12;0;12
26-04-24 18:04;0,03;0,07;3;7
26-04-24 18:09;0,08;0,04;8;4
26-04-24 18:14;0,07;0,06;7;6
26-04-24 18:19;0,00;0,03;0;3
26-04-24 18:24;0,00;0,01;0;1
26-04-24 18:29;0,23;0,28;23;28
26-04-24 18:34;0,04;0,17;4;17
26-04-24 18:39;0,04;0,09;4;9
26-04-24 18:44;0,05;0,06;5;6
26-04-24 18:49;0,00;0,02;0;2
26-04-24 18:54;0,03;0,02;3;2
26-04-24 18:59;0,05;0,03;5;3
26-04-24 19:04;0,01;0,02;1;2
26-04-24 19:09;0,03;0,02;3;2
26-04-24 19:14;0,03;0,04;3;4
26-04-24 19:19;0,00;0,01;0;1
26-04-24 19:24;0,00;0,01;0;1
26-04-24 19:29;0,00;0,01;0;1
26-04-24 19:34;0,01;0,04;1;4
26-04-24 19:39;0,02;0,05;2;5
26-04-24 19:44;0,34;0,14;34;14
26-04-24 19:49;0,00;0,06;0;6
26-04-24 19:54;0,05;0,04;5;4
26-04-24 19:59;0,04;0,07;4;7
26-04-24 20:04;0,06;0,06;6;6
26-04-24 20:09;0,00;0,02;0;2
26-04-24 20:14;0,00;0,01;0;1
26-04-24 20:19;0,25;0,12;25;12
26-04-24 20:24;0,16;0,1;16;10
26-04-24 20:29;0,07;0,06;7;6
26-04-24 20:34;0,05;0,14;5;14
26-04-24 20:39;0,09;0,09;9;9
26-04-24 20:44;0,00;0,03;0;3
26-04-24 20:49;0,00;0,03;0;3
26-04-24 20:54;0,00;0,02;0;2
26-04-24 20:59;0,00;0,01;0;1
26-04-24 21:04;0,00;0,01;0;1
26-04-24 21:09;0,00;0,01;0;1
26-04-24 21:14;0,00;0,01;0;1
26-04-24 21:19;0,00;0,01;0;1
26-04-24 21:24;0,07;0,07;7;7
26-04-24 21:29;0,05;0,05;5;5
26-04-24 21:34;0,02;0,06;2;6
26-04-24 21:39;0,01;0,04;1;4
26-04-24 21:44;0,02;0,04;2;4
26-04-24 21:49;0,00;0,03;0;3
26-04-24 21:54;0,00;0,04;0;4
26-04-24 21:59;0,02;0,04;2;4
26-04-24 22:04;0,02;0,04;2;4
26-04-24 22:09;0,37;0,31;37;31
26-04-24 22:14;0,00;0,12;0;12
26-04-24 22:19;0,01;0,06;1;6
26-04-24 22:24;0,00;0,02;0;2
26-04-24 22:29;0,00;0,01;0;1
26-04-24 22:34;0,00;0,01;0;1
26-04-24 22:39;0,00;0,01;0;1
26-04-24 22:44;0,00;0,01;0;1
26-04-24 22:49;0,00;0,01;0;1
26-04-24 22:54;0,00;0,01;0;1
26-04-24 22:59;0,00;0,01;0;1
26-04-24 23:04;0,00;0,01;0;1
26-04-24 23:09;0,00;0,01;0;1
26-04-24 23:14;0,02;0,03;2;3
26-04-24 23:20;0,00;0,01;0;1
26-04-24 23:25;0,02;0,02;2;2
26-04-24 23:30;0,00;0,01;0;1
26-04-24 23:35;0,00;0,01;0;1
26-04-24 23:40;0,03;0,02;3;2
26-04-24 23:45;0,00;0,01;0;1
26-04-24 23:50;0,00;0,01;0;1
26-04-24 23:55;0,01;0,03;1;3
27-04-24 00:00;0,01;0,02;1;2
27-04-24 00:05;0,00;0,01;0;1
27-04-24 00:10;0,14;0,05;14;5
27-04-24 00:15;0,00;0,02;0;2
27-04-24 00:20;0,01;0,02;1;2
27-04-24 00:25;0,03;0,03;3;3
27-04-24 00:30;0,00;0,01;0;1
27-04-24 00:35;0,03;0,04;3;4
27-04-24 00:40;0,00;0,01;0;1
27-04-24 00:45;0,05;0,03;5;3
27-04-24 00:50;0,00;0,03;0;3
27-04-24 00:55;0,00;0,01;0;1
27-04-24 01:00;0,07;0,05;7;5
27-04-24 01:05;0,00;0,04;0;4
27-04-24 01:10;0,00;0,01;0;1
27-04-24 01:15;0,00;0,01;0;1
27-04-24 01:20;0,00;0,01;0;1
27-04-24 01:25;0,00;0,01;0;1
27-04-24 01:30;0,01;0,02;1;2
27-04-24 01:35;0,00;0,03;0;3
27-04-24 01:40;0,05;0,04;5;4
27-04-24 01:45;0,00;0,02;0;2
27-04-24 01:50;0,01;0,04;1;4
27-04-24 01:55;0,07;0,04;7;4
27-04-24 02:00;0,00;0,01;0;1
27-04-24 02:05;0,05;0,04;5;4
27-04-24 02:10;0,00;0,01;0;1
27-04-24 02:15;0,00;0,01;0;1
27-04-24 02:20;0,00;0,01;0;1
27-04-24 02:25;0,01;0,02;1;2
27-04-24 02:30;0,00;0,01;0;1
27-04-24 02:35;0,04;0,03;4;3
27-04-24 02:40;0,00;0,01;0;1
27-04-24 02:45;0,00;0,01;0;1
27-04-24 02:50;0,00;0,01;0;1
27-04-24 02:55;0,00;0,01;0;1
27-04-24 03:00;0,00;0,01;0;1
27-04-24 03:05;0,00;0,01;0;1
27-04-24 03:10;0,00;0,01;0;1
27-04-24 03:15;0,00;0,01;0;1
27-04-24 03:20;0,02;0,04;2;4
27-04-24 03:25;0,00;0,01;0;1
27-04-24 03:30;0,31;0,11;31;11
27-04-24 03:35;0,08;0,06;8;6
27-04-24 03:40;0,00;0,03;0;3
27-04-24 03:45;0,00;0,01;0;1
27-04-24 03:50;0,08;0,03;8;3
27-04-24 03:55;0,15;0,05;15;5
27-04-24 04:00;0,00;0,02;0;2
27-04-24 04:05;0,00;0,01;0;1
27-04-24 04:10;0,22;0,06;22;6
27-04-24 04:15;0,11;0,19;11;19
27-04-24 04:20;0,02;0,12;2;12
27-04-24 04:25;0,03;0,08;3;8
27-04-24 04:30;0,15;0,06;15;6
27-04-24 04:35;0,00;0,02;0;2
27-04-24 04:40;0,00;0,01;0;1
27-04-24 04:45;0,00;0,01;0;1
27-04-24 04:50;0,08;0,03;8;3
27-04-24 04:55;0,00;0,01;0;1
27-04-24 05:00;0,01;0,02;1;2
27-04-24 05:05;0,00;0,01;0;1
27-04-24 05:10;0,12;0,05;12;5
27-04-24 05:15;0,00;0,02;0;2
27-04-24 05:20;0,00;0,01;0;1
27-04-24 05:25;0,01;0,02;1;2
27-04-24 05:30;0,00;0,01;0;1
27-04-24 05:35;0,06;0,04;6;4
27-04-24 05:40;0,00;0,01;0;1
27-04-24 05:45;0,11;0,08;11;8
27-04-24 05:50;0,00;0,04;0;4
27-04-24 05:55;0,00;0,01;0;1
27-04-24 06:00;0,00;0,01;0;1
27-04-24 06:05;0,00;0,01;0;1
27-04-24 06:10;0,01;0,02;1;2
27-04-24 06:15;0,03;0,04;3;4
27-04-24 06:20;0,00;0,02;0;2
27-04-24 06:25;0,10;0,05;10;5
27-04-24 06:30;0,05;0,05;5;5
27-04-24 06:35;0,08;0,03;8;3
27-04-24 06:40;0,00;0,01;0;1
27-04-24 06:45;0,01;0,02;1;2
27-04-24 06:50;0,03;0,03;3;3
27-04-24 06:55;0,00;0,01;0;1
27-04-24 07:00;0,00;0,01;0;1
27-04-24 07:05;0,00;0,01;0;1
27-04-24 07:10;0,00;0,01;0;1
27-04-24 07:15;0,00;0,01;0;1
27-04-24 07:20;0,01;0,02;1;2
27-04-24 07:25;0,04;0,03;4;3
27-04-24 07:30;0,02;0,02;2;2
27-04-24 07:35;0,02;0,05;2;5
27-04-24 07:40;0,00;0,03;0;3
27-04-24 07:45;0,00;0,02;0;2
27-04-24 07:50;0,00;0,01;0;1
27-04-24 07:55;0,01;0,04;1;4
27-04-24 08:00;0,05;0,03;5;3
27-04-24 08:05;0,00;0,01;0;1
27-04-24 08:10;0,00;0,01;0;1
27-04-24 08:15;0,00;0,01;0;1
27-04-24 08:20;0,01;0,03;1;3
27-04-24 08:25;0,05;0,03;5;3
27-04-24 08:30;0,08;0,04;8;4
27-04-24 08:35;0,01;0,06;1;6
27-04-24 08:40;0,00;0,02;0;2
27-04-24 08:45;0,00;0,01;0;1
27-04-24 08:50;0,00;0,01;0;1
27-04-24 08:55;0,00;0,01;0;1
27-04-24 09:00;0,01;0,03;1;3
27-04-24 09:05;0,00;0,01;0;1
27-04-24 09:10;0,00;0,01;0;1
27-04-24 09:15;0,03;0,04;3;4
27-04-24 09:20;0,01;0,04;1;4
27-04-24 09:25;0,04;0,05;4;5
27-04-24 09:30;0,00;0,02;0;2
27-04-24 09:35;0,00;0,01;0;1
27-04-24 09:40;0,00;0,01;0;1
27-04-24 09:45;0,00;0,01;0;1
27-04-24 09:50;0,00;0,01;0;1
27-04-24 09:55;0,02;0,02;2;2
27-04-24 10:00;0,21;0,08;21;8
27-04-24 10:05;0,00;0,04;0;4
27-04-24 10:10;0,00;0,01;0;1
27-04-24 10:15;0,06;0,03;6;3
27-04-24 10:20;0,02;0,04;2;4
27-04-24 10:25;0,08;0,04;8;4
27-04-24 10:30;0,06;0,03;6;3
27-04-24 10:35;0,14;0,08;14;8
27-04-24 10:40;0,02;0,07;2;7
27-04-24 10:45;0,00;0,04;0;4
27-04-24 10:50;0,06;0,03;6;3
27-04-24 10:55;0,36;0,44;36;44
27-04-24 11:00;0,35;0,32;35;32
27-04-24 11:05;0,00;0,12;0;12
27-04-24 11:10;0,16;0,14;16;14
27-04-24 11:15;0,06;0,08;6;8
27-04-24 11:20;0,04;0,07;4;7
27-04-24 11:25;0,00;0,03;0;3
27-04-24 11:30;0,09;0,04;9;4
27-04-24 11:35;0,00;0,01;0;1
27-04-24 11:40;0,18;0,08;18;8
27-04-24 11:45;0,00;0,04;0;4
27-04-24 11:50;0,06;0,03;6;3
27-04-24 11:55;0,00;0,01;0;1
27-04-24 12:00;0,00;0,01;0;1
27-04-24 12:05;0,04;0,06;4;6
27-04-24 12:10;0,02;0,07;2;7
27-04-24 12:15;0,13;0,14;13;14
27-04-24 12:20;0,05;0,08;5;8
27-04-24 12:25;0,06;0,05;6;5
27-04-24 12:30;0,06;0,07;6;7
27-04-24 12:35;0,02;0,07;2;7
27-04-24 12:40;0,09;0,09;9;9
27-04-24 12:45;0,04;0,09;4;9
27-04-24 12:50;0,02;0,07;2;7
27-04-24 12:55;0,00;0,03;0;3
27-04-24 13:00;0,01;0,02;1;2
27-04-24 13:05;0,05;0,03;5;3
27-04-24 13:10;0,05;0,06;5;6
27-04-24 13:15;0,01;0,03;1;3
27-04-24 13:20;0,00;0,01;0;1
27-04-24 13:25;0,03;0,04;3;4
27-04-24 13:30;0,07;0,08;7;8
27-04-24 13:35;0,00;0,03;0;3
27-04-24 13:40;0,00;0,03;0;3
27-04-24 13:45;0,19;0,08;19;8
27-04-24 13:50;0,17;0,08;17;8
27-04-24 13:55;0,00;0,03;0;3
27-04-24 14:00;0,00;0,03;0;3
27-04-24 14:05;0,00;0,03;0;3
27-04-24 14:10;0,03;0,04;3;4
27-04-24 14:15;0,02;0,03;2;3
27-04-24 14:20;0,02;0,03;2;3
27-04-24 14:25;0,02;0,04;2;4
27-04-24 14:30;0,00;0,03;0;3
27-04-24 14:35;0,01;0,04;1;4
27-04-24 14:40;0,01;0,05;1;5
27-04-24 14:45;0,00;0,02;0;2
27-04-24 14:50;0,08;0,03;8;3
27-04-24 14:55;0,01;0,02;1;2
27-04-24 15:00;0,10;0,06;10;6
27-04-24 15:05;0,00;0,03;0;3
27-04-24 15:10;0,09;0,08;9;8
27-04-24 15:15;0,00;0,03;0;3
27-04-24 15:20;0,00;0,04;0;4
27-04-24 15:25;0,00;0,01;0;1
27-04-24 15:30;0,03;0,02;3;2
27-04-24 15:35;0,00;0,01;0;1
27-04-24 15:40;0,09;0,09;9;9
27-04-24 15:45;0,00;0,04;0;4
27-04-24 15:50;0,00;0,01;0;1
27-04-24 15:55;0,00;0,01;0;1
27-04-24 16:00;0,00;0,01;0;1
27-04-24 16:05;0,05;0,03;5;3
27-04-24 16:10;0,00;0,01;0;1
27-04-24 16:15;0,15;0,08;15;8
27-04-24 16:20;0,00;0,04;0;4
27-04-24 16:25;0,00;0,01;0;1
27-04-24 16:30;0,00;0,01;0;1
27-04-24 16:35;0,00;0,01;0;1
27-04-24 16:40;0,00;0,01;0;1
27-04-24 16:45;0,00;0,01;0;1
27-04-24 16:50;0,01;0,02;1;2
27-04-24 16:55;0,00;0,01;0;1
27-04-24 17:00;0,04;0,03;4;3
27-04-24 17:05;0,00;0,01;0;1
27-04-24 17:10;0,02;0,03;2;3
27-04-24 17:15;0,10;0,04;10;4
27-04-24 17:20;0,03;0,05;3;5
27-04-24 17:25;0,04;0,03;4;3
27-04-24 17:30;0,07;0,03;7;3
27-04-24 17:35;0,05;0,03;5;3
27-04-24 17:40;0,00;0,01;0;1
27-04-24 17:45;0,06;0,03;6;3
27-04-24 17:50;0,06;0,04;6;4
27-04-24 17:55;0,00;0,02;0;2
27-04-24 18:00;0,01;0,02;1;2
27-04-24 18:05;0,05;0,03;5;3
27-04-24 18:10;0,10;0,08;10;8
27-04-24 18:15;0,01;0,04;1;4
27-04-24 18:20;0,05;0,04;5;4
27-04-24 18:25;0,00;0,03;0;3
27-04-24 18:30;0,00;0,01;0;1
27-04-24 18:35;0,10;0,04;10;4
27-04-24 18:40;0,00;0,01;0;1
27-04-24 18:45;0,03;0,03;3;3
27-04-24 18:50;0,00;0,01;0;1
27-04-24 18:55;0,20;0,07;20;7
27-04-24 19:00;0,00;0,03;0;3
27-04-24 19:05;0,00;0,02;0;2
27-04-24 19:10;0,00;0,03;0;3
27-04-24 19:15;0,02;0,06;2;6
27-04-24 19:20;0,00;0,03;0;3
27-04-24 19:25;0,00;0,01;0;1
27-04-24 19:30;0,01;0,03;1;3
27-04-24 19:35;0,02;0,05;2;5
27-04-24 19:40;0,00;0,02;0;2
27-04-24 19:45;0,02;0,04;2;4
27-04-24 19:50;0,00;0,01;0;1
27-04-24 19:55;0,03;0,04;3;4
27-04-24 20:00;0,05;0,04;5;4
27-04-24 20:05;0,00;0,01;0;1
27-04-24 20:10;0,00;0,02;0;2
27-04-24 20:15;0,00;0,01;0;1
27-04-24 20:20;0,00;0,01;0;1
27-04-24 20:25;0,06;0,03;6;3
27-04-24 20:30;0,00;0,01;0;1
27-04-24 20:35;0,00;0,01;0;1
27-04-24 20:40;0,02;0,04;2;4
27-04-24 20:45;0,00;0,03;0;3
27-04-24 20:50;0,02;0,04;2;4
27-04-24 20:55;0,01;0,04;1;4
27-04-24 21:00;0,13;0,06;13;6
27-04-24 21:05;0,01;0,04;1;4
27-04-24 21:10;0,02;0,04;2;4
27-04-24 21:15;0,01;0,02;1;2
27-04-24 21:20;0,12;0,04;12;4
27-04-24 21:25;0,00;0,02;0;2
27-04-24 21:30;0,00;0,01;0;1
27-04-24 21:35;0,05;0,03;5;3
27-04-24 21:40;0,06;0,07;6;7
27-04-24 21:45;0,00;0,03;0;3
27-04-24 21:50;0,00;0,01;0;1
27-04-24 21:55;0,00;0,01;0;1
27-04-24 22:00;0,06;0,05;6;5
27-04-24 22:05;0,01;0,03;1;3
27-04-24 22:10;0,00;0,01;0;1
27-04-24 22:15;0,05;0,05;5;5
27-04-24 22:20;0,01;0,04;1;4
27-04-24 22:25;0,08;0,06;8;6
27-04-24 22:30;0,08;0,06;8;6
27-04-24 22:35;0,12;0,06;12;6
27-04-24 22:40;0,04;0,04;4;4
27-04-24 22:45;0,03;0,06;3;6
27-04-24 22:50;0,00;0,02;0;2
27-04-24 22:55;0,00;0,01;0;1
27-04-24 23:00;0,00;0,01;0;1
27-04-24 23:05;0,00;0,01;0;1
27-04-24 23:10;0,00;0,01;0;1
27-04-24 23:15;0,05;0,03;5;3
27-04-24 23:20;0,01;0,02;1;2
27-04-24 23:25;0,00;0,01;0;1
27-04-24 23:30;0,00;0,01;0;1
27-04-24 23:35;0,00;0,01;0;1
27-04-24 23:40;0,00;0,01;0;1
27-04-24 23:45;0,00;0,01;0;1
27-04-24 23:50;0,00;0,01;0;1
27-04-24 23:55;0,00;0,01;0;1
28-04-24 00:00;0,00;0,01;0;1
28-04-24 00:05;0,04;0,03;4;3
28-04-24 00:10;0,05;0,03;5;3
28-04-24 00:15;0,00;0,01;0;1
28-04-24 00:20;0,04;0,03;4;3
28-04-24 00:25;0,05;0,05;5;5
28-04-24 00:30;0,05;0,06;5;6
28-04-24 00:35;0,06;0,06;6;6
28-04-24 00:40;0,00;0,05;0;5
28-04-24 00:45;0,00;0,03;0;3
28-04-24 00:50;0,09;0,04;9;4
28-04-24 00:55;0,05;0,04;5;4
28-04-24 01:00;0,00;0,02;0;2
28-04-24 01:05;0,25;0,15;25;15
28-04-24 01:10;0,18;0,2;18;20
28-04-24 01:15;0,02;0,1;2;10
28-04-24 01:20;0,00;0,05;0;5
28-04-24 01:25;0,13;0,08;13;8
28-04-24 01:30;0,04;0,04;4;4
28-04-24 01:35;0,12;0,07;12;7
28-04-24 01:40;0,00;0,04;0;4
28-04-24 01:45;0,04;0,03;4;3
28-04-24 01:50;0,00;0,01;0;1
28-04-24 01:55;0,02;0,05;2;5
28-04-24 02:00;0,06;0,05;6;5
28-04-24 02:05;0,02;0,04;2;4
28-04-24 02:10;0,01;0,03;1;3
28-04-24 02:15;0,00;0,01;0;1
28-04-24 02:20;0,00;0,02;0;2
28-04-24 02:25;0,05;0,04;5;4
28-04-24 02:30;0,00;0,03;0;3
28-04-24 02:35;0,10;0,04;10;4
28-04-24 02:40;0,01;0,03;1;3
28-04-24 02:45;0,00;0,01;0;1
28-04-24 02:50;0,00;0,01;0;1
28-04-24 02:55;0,00;0,01;0;1
28-04-24 03:00;0,00;0,03;0;3
28-04-24 03:05;0,00;0,01;0;1
28-04-24 03:10;0,09;0,05;9;5
28-04-24 03:15;0,08;0,04;8;4
28-04-24 03:20;0,00;0,01;0;1
28-04-24 03:25;0,02;0,1;2;10
28-04-24 03:30;0,03;0,06;3;6
28-04-24 03:35;0,00;0,02;0;2
28-04-24 03:40;0,00;0,01;0;1
28-04-24 03:45;0,01;0,02;1;2
28-04-24 03:50;0,15;0,08;15;8
28-04-24 03:55;0,01;0,04;1;4
28-04-24 04:00;0,03;0,03;3;3
28-04-24 04:05;0,00;0,01;0;1
28-04-24 04:10;0,00;0,01;0;1
28-04-24 04:15;0,08;0,05;8;5
28-04-24 04:20;0,00;0,02;0;2
28-04-24 04:25;0,00;0,01;0;1
28-04-24 04:30;0,00;0,01;0;1
28-04-24 04:35;0,01;0,08;1;8
28-04-24 04:40;0,01;0,04;1;4
28-04-24 04:45;0,04;0,05;4;5
28-04-24 04:50;0,00;0,02;0;2
28-04-24 04:55;0,03;0,06;3;6
28-04-24 05:00;0,00;0,06;0;6
28-04-24 05:05;0,01;0,04;1;4
28-04-24 05:10;0,01;0,03;1;3
28-04-24 05:15;0,02;0,02;2;2
28-04-24 05:20;0,00;0,01;0;1
28-04-24 05:25;0,00;0,01;0;1
28-04-24 05:30;0,02;0,02;2;2
28-04-24 05:35;0,00;0,01;0;1
28-04-24 05:40;0,00;0,01;0;1
28-04-24 05:45;0,44;0,33;44;33
28-04-24 05:50;0,01;0,13;1;13
28-04-24 05:55;0,07;0,08;7;8
28-04-24 06:00;0,00;0,03;0;3
28-04-24 06:05;0,02;0,02;2;2
28-04-24 06:10;0,00;0,01;0;1
28-04-24 06:15;0,00;0,01;0;1
28-04-24 06:20;0,00;0,01;0;1
28-04-24 06:25;0,02;0,02;2;2
28-04-24 06:30;0,00;0,01;0;1
28-04-24 06:35;0,00;0,01;0;1
28-04-24 06:40;0,00;0,01;0;1
28-04-24 06:45;0,00;0,01;0;1
28-04-24 06:50;0,03;0,02;3;2
28-04-24 06:55;0,00;0,01;0;1
28-04-24 07:00;0,11;0,06;11;6
28-04-24 07:05;0,01;0,04;1;4
28-04-24 07:10;0,00;0,01;0;1
28-04-24 07:15;0,03;0,03;3;3
28-04-24 07:20;0,05;0,05;5;5
28-04-24 07:25;0,00;0,02;0;2
28-04-24 07:30;0,10;0,07;10;7
28-04-24 07:35;0,04;0,05;4;5
28-04-24 07:40;0,08;0,03;8;3
28-04-24 07:45;0,01;0,04;1;4
28-04-24 07:50;0,00;0,01;0;1
28-04-24 07:56;0,04;0,04;4;4
28-04-24 08:01;0,00;0,01;0;1
28-04-24 08:06;0,10;0,06;10;6
28-04-24 08:11;0,04;0,04;4;4
28-04-24 08:16;0,01;0,04;1;4
28-04-24 08:21;0,00;0,01;0;1
28-04-24 08:26;0,03;0,03;3;3
28-04-24 08:31;0,13;0,05;13;5
28-04-24 08:36;0,00;0,02;0;2
28-04-24 08:41;0,02;0,02;2;2
28-04-24 08:46;0,01;0,02;1;2
28-04-24 08:51;0,02;0,02;2;2
28-04-24 08:56;0,00;0,01;0;1
28-04-24 09:01;0,00;0,01;0;1
28-04-24 09:06;0,03;0,04;3;4
28-04-24 09:11;0,00;0,01;0;1
28-04-24 09:16;0,05;0,03;5;3
28-04-24 09:21;0,00;0,02;0;2
28-04-24 09:26;0,00;0,01;0;1
28-04-24 09:31;0,00;0,02;0;2
28-04-24 09:36;0,01;0,02;1;2
28-04-24 09:41;0,00;0,01;0;1
28-04-24 09:46;0,00;0,01;0;1
28-04-24 09:51;0,00;0,01;0;1
28-04-24 09:56;0,00;0,01;0;1
28-04-24 10:01;0,09;0,06;9;6
28-04-24 10:06;0,03;0,04;3;4
28-04-24 10:11;0,01;0,03;1;3
28-04-24 10:16;0,08;0,04;8;4
28-04-24 10:21;0,01;0,03;1;3
28-04-24 10:26;0,00;0,01;0;1
28-04-24 10:31;0,01;0,02;1;2
28-04-24 10:36;0,00;0,01;0;1
28-04-24 10:41;0,00;0,01;0;1
28-04-24 10:46;0,09;0,05;9;5
28-04-24 10:51;0,00;0,03;0;3
28-04-24 10:56;0,06;0,05;6;5
28-04-24 11:01;0,01;0,04;1;4
28-04-24 11:06;0,00;0,01;0;1
28-04-24 11:11;0,15;0,07;15;7
28-04-24 11:16;0,00;0,04;0;4
28-04-24 11:21;0,00;0,01;0;1
28-04-24 11:26;0,00;0,01;0;1
28-04-24 11:31;0,00;0,01;0;1
28-04-24 11:36;0,00;0,01;0;1
28-04-24 11:41;0,04;0,03;4;3
28-04-24 11:46;0,00;0,01;0;1
28-04-24 11:51;0,19;0,07;19;7
28-04-24 11:56;0,00;0,03;0;3
28-04-24 12:01;0,00;0,01;0;1
28-04-24 12:06;0,05;0,07;5;7
28-04-24 12:11;0,07;0,09;7;9
28-04-24 12:16;0,03;0,06;3;6
28-04-24 12:21;0,03;0,05;3;5
28-04-24 12:26;0,09;0,06;9;6
28-04-24 12:31;0,00;0,02;0;2
28-04-24 12:36;0,10;0,04;10;4
28-04-24 12:41;0,11;0,07;11;7
28-04-24 12:46;0,15;0,1;15;10
28-04-24 12:51;0,05;0,06;5;6
28-04-24 12:56;0,00;0,02;0;2
28-04-24 13:01;0,01;0,03;1;3
28-04-24 13:06;0,02;0,02;2;2
28-04-24 13:11;0,06;0,03;6;3
28-04-24 13:16;0,11;0,07;11;7
28-04-24 13:21;0,00;0,04;0;4
28-04-24 13:26;0,07;0,06;7;6
28-04-24 13:31;0,06;0,08;6;8
28-04-24 13:36;0,02;0,05;2;5
28-04-24 13:41;0,00;0,02;0;2
28-04-24 13:46;0,09;0,04;9;4
28-04-24 13:51;0,00;0,01;0;1
28-04-24 13:56;0,00;0,01;0;1
28-04-24 14:01;0,02;0,02;2;2
28-04-24 14:06;0,00;0,01;0;1
28-04-24 14:11;0,02;0,02;2;2
28-04-24 14:16;0,03;0,02;3;2
28-04-24 14:21;0,01;0,03;1;3
28-04-24 14:26;0,00;0,01;0;1
28-04-24 14:31;0,03;0,04;3;4
28-04-24 14:36;0,14;0,08;14;8
28-04-24 14:41;0,03;0,04;3;4
28-04-24 14:46;0,01;0,03;1;3
28-04-24 14:51;0,00;0,03;0;3
28-04-24 14:56;0,12;0,04;12;4
28-04-24 15:01;0,04;0,04;4;4
28-04-24 15:06;0,04;0,07;4;7
28-04-24 15:11;0,00;0,03;0;3
28-04-24 15:16;0,01;0,03;1;3
28-04-24 15:21;0,15;0,06;15;6
28-04-24 15:26;0,00;0,03;0;3
28-04-24 15:31;0,00;0,01;0;1
28-04-24 15:36;0,03;0,02;3;2
28-04-24 15:41;0,03;0,03;3;3
28-04-24 15:46;0,03;0,03;3;3
28-04-24 15:51;0,00;0,01;0;1
28-04-24 15:56;0,01;0,02;1;2
28-04-24 16:01;0,00;0,01;0;1
28-04-24 16:06;0,04;0,08;4;8
28-04-24 16:11;0,00;0,03;0;3
28-04-24 16:16;0,00;0,02;0;2
28-04-24 16:21;0,00;0,01;0;1
28-04-24 16:26;0,00;0,01;0;1
28-04-24 16:31;0,01;0,03;1;3
28-04-24 16:36;0,01;0,02;1;2
28-04-24 16:41;0,00;0,01;0;1
28-04-24 16:46;0,22;0,09;22;9
28-04-24 16:51;0,01;0,05;1;5
28-04-24 16:56;0,06;0,03;6;3
28-04-24 17:01;0,06;0,03;6;3
28-04-24 17:06;0,00;0,02;0;2
28-04-24 17:11;0,00;0,01;0;1
28-04-24 17:16;0,03;0,02;3;2
28-04-24 17:21;0,00;0,01;0;1
28-04-24 17:26;0,01;0,02;1;2
28-04-24 17:31;0,00;0,02;0;2
28-04-24 17:36;0,00;0,01;0;1
28-04-24 17:41;0,03;0,04;3;4
28-04-24 17:46;0,01;0,04;1;4
28-04-24 17:51;0,15;0,07;15;7
28-04-24 17:56;0,02;0,04;2;4
28-04-24 18:01;0,02;0,03;2;3
28-04-24 18:06;0,01;0,02;1;2
28-04-24 18:11;0,00;0,01;0;1
28-04-24 18:16;0,02;0,04;2;4
28-04-24 18:21;0,01;0,05;1;5
28-04-24 18:26;0,02;0,05;2;5
28-04-24 18:31;0,00;0,03;0;3
28-04-24 18:36;0,13;0,07;13;7
28-04-24 18:41;0,01;0,05;1;5
28-04-24 18:46;0,09;0,05;9;5
28-04-24 18:51;0,00;0,04;0;4
28-04-24 18:56;0,00;0,01;0;1
28-04-24 19:01;0,03;0,04;3;4
28-04-24 19:06;0,03;0,04;3;4
28-04-24 19:11;0,09;0,04;9;4
28-04-24 19:16;0,00;0,01;0;1
28-04-24 19:21;0,00;0,01;0;1
28-04-24 19:26;0,32;0,11;32;11
28-04-24 19:31;0,08;0,06;8;6
28-04-24 19:36;0,07;0,08;7;8
28-04-24 19:41;0,03;0,06;3;6
28-04-24 19:46;0,01;0,04;1;4
28-04-24 19:51;0,00;0,02;0;2
28-04-24 19:56;0,09;0,04;9;4
28-04-24 20:01;0,00;0,03;0;3
28-04-24 20:06;0,00;0,01;0;1
28-04-24 20:11;0,00;0,01;0;1
28-04-24 20:16;0,03;0,03;3;3
28-04-24 20:21;0,00;0,01;0;1
28-04-24 20:26;0,00;0,01;0;1
28-04-24 20:31;0,06;0,04;6;4
28-04-24 20:36;0,07;0,04;7;4
28-04-24 20:41;0,00;0,03;0;3
28-04-24 20:46;0,05;0,04;5;4
28-04-24 20:51;0,00;0,01;0;1
28-04-24 20:56;0,04;0,04;4;4
28-04-24 21:01;0,11;0,06;11;6
28-04-24 21:06;0,04;0,05;4;5
28-04-24 21:11;0,02;0,04;2;4
28-04-24 21:16;0,05;0,04;5;4
28-04-24 21:21;0,16;0,06;16;6
28-04-24 21:26;0,09;0,07;9;7
28-04-24 21:31;0,02;0,04;2;4
28-04-24 21:36;0,00;0,01;0;1
28-04-24 21:41;0,14;0,11;14;11
28-04-24 21:46;0,02;0,05;2;5
28-04-24 21:51;0,02;0,04;2;4
28-04-24 21:56;0,14;0,06;14;6
28-04-24 22:01;0,02;0,04;2;4
28-04-24 22:06;0,08;0,06;8;6
28-04-24 22:11;0,00;0,02;0;2
28-04-24 22:16;0,06;0,05;6;5
28-04-24 22:21;0,02;0,03;2;3
28-04-24 22:26;0,02;0,02;2;2
28-04-24 22:31;0,04;0,03;4;3
28-04-24 22:36;0,16;0,06;16;6
28-04-24 22:41;0,14;0,05;14;5
28-04-24 22:46;0,00;0,02;0;2
28-04-24 22:51;0,00;0,01;0;1
28-04-24 22:56;0,00;0,01;0;1
28-04-24 23:01;0,00;0,01;0;1
28-04-24 23:06;0,08;0,04;8;4
28-04-24 23:11;0,00;0,01;0;1
28-04-24 23:16;0,00;0,01;0;1
28-04-24 23:21;0,00;0,01;0;1
28-04-24 23:26;0,00;0,01;0;1
28-04-24 23:31;0,28;0,12;28;12
28-04-24 23:36;0,03;0,06;3;6
28-04-24 23:41;0,00;0,02;0;2
28-04-24 23:46;0,00;0,01;0;1
28-04-24 23:51;0,00;0,03;0;3
28-04-24 23:56;0,00;0,01;0;1
29-04-24 00:01;0,09;0,04;9;4
29-04-24 00:06;0,03;0,07;3;7
29-04-24 00:11;0,17;0,07;17;7
29-04-24 00:16;0,00;0,04;0;4
29-04-24 00:21;0,02;0,04;2;4
29-04-24 00:26;0,01;0,04;1;4
29-04-24 00:31;0,00;0,01;0;1
29-04-24 00:36;0,00;0,01;0;1
29-04-24 00:41;0,04;0,04;4;4
29-04-24 00:46;0,00;0,01;0;1
29-04-24 00:51;0,00;0,01;0;1
29-04-24 00:56;0,02;0,03;2;3
29-04-24 01:01;0,00;0,01;0;1
29-04-24 01:06;0,00;0,01;0;1
29-04-24 01:11;0,00;0,01;0;1
29-04-24 01:16;0,08;0,03;8;3
29-04-24 01:21;0,05;0,03;5;3
29-04-24 01:26;0,00;0,01;0;1
29-04-24 01:31;0,11;0,04;11;4
29-04-24 01:36;0,00;0,01;0;1
29-04-24 01:41;0,02;0,02;2;2
29-04-24 01:46;0,06;0,03;6;3
29-04-24 01:51;0,00;0,01;0;1
29-04-24 01:56;0,00;0,01;0;1
29-04-24 02:01;0,01;0,02;1;2
29-04-24 02:06;0,04;0,04;4;4
29-04-24 02:11;0,11;0,05;11;5
29-04-24 02:16;0,07;0,07;7;7
29-04-24 02:21;0,00;0,03;0;3
29-04-24 02:26;0,19;0,09;19;9
29-04-24 02:31;0,00;0,04;0;4
29-04-24 02:36;0,02;0,03;2;3
29-04-24 02:41;0,01;0,03;1;3
29-04-24 02:46;0,00;0,01;0;1
29-04-24 02:51;0,00;0,01;0;1
29-04-24 02:56;0,00;0,01;0;1
29-04-24 03:01;0,00;0,01;0;1
29-04-24 03:06;0,00;0,01;0;1
29-04-24 03:11;0,11;0,05;11;5
29-04-24 03:16;0,00;0,03;0;3
29-04-24 03:21;0,10;0,05;10;5
29-04-24 03:26;0,00;0,02;0;2
29-04-24 03:31;0,00;0,01;0;1
29-04-24 03:36;0,04;0,03;4;3
29-04-24 03:41;0,00;0,01;0;1
29-04-24 03:46;0,00;0,01;0;1
29-04-24 03:51;0,00;0,01;0;1
29-04-24 03:56;0,01;0,02;1;2
29-04-24 04:01;0,02;0,02;2;2
29-04-24 04:06;0,00;0,01;0;1
29-04-24 04:11;0,00;0,01;0;1
29-04-24 04:16;0,00;0,01;0;1
29-04-24 04:21;0,02;0,02;2;2
29-04-24 04:26;0,02;0,02;2;2
29-04-24 04:31;0,01;0,02;1;2
29-04-24 04:36;0,02;0,02;2;2
29-04-24 04:41;0,01;0,04;1;4
29-04-24 04:46;0,00;0,01;0;1
29-04-24 04:51;0,03;0,03;3;3
29-04-24 04:56;0,02;0,03;2;3
29-04-24 05:01;0,00;0,01;0;1
29-04-24 05:06;0,02;0,04;2;4
29-04-24 05:11;0,02;0,02;2;2
29-04-24 05:16;0,13;0,06;13;6
29-04-24 05:21;0,01;0,06;1;6
29-04-24 05:26;0,00;0,03;0;3
29-04-24 05:31;0,00;0,01;0;1
29-04-24 05:36;0,00;0,01;0;1
29-04-24 05:41;0,00;0,01;0;1
29-04-24 05:46;0,00;0,01;0;1
29-04-24 05:51;0,00;0,01;0;1
29-04-24 05:56;0,00;0,01;0;1
29-04-24 06:01;0,00;0,01;0;1
29-04-24 06:06;0,06;0,03;6;3
29-04-24 06:11;0,00;0,02;0;2
29-04-24 06:16;0,00;0,01;0;1
29-04-24 06:21;0,00;0,01;0;1
29-04-24 06:26;0,05;0,04;5;4
29-04-24 06:31;0,00;0,01;0;1
29-04-24 06:36;0,00;0,01;0;1
29-04-24 06:41;0,14;0,07;14;7
29-04-24 06:46;0,00;0,04;0;4
29-04-24 06:51;0,02;0,04;2;4
29-04-24 06:56;0,05;0,04;5;4
29-04-24 07:01;0,00;0,01;0;1
29-04-24 07:06;0,01;0,03;1;3
29-04-24 07:11;0,00;0,01;0;1
29-04-24 07:16;0,04;0,05;4;5
29-04-24 07:21;0,00;0,03;0;3
29-04-24 07:26;0,00;0,02;0;2
29-04-24 07:31;0,03;0,03;3;3
29-04-24 07:36;0,03;0,03;3;3
29-04-24 07:41;0,00;0,01;0;1
29-04-24 07:46;0,00;0,01;0;1
29-04-24 07:51;0,03;0,02;3;2
29-04-24 07:56;0,00;0,01;0;1
29-04-24 08:01;0,09;0,06;9;6
29-04-24 08:06;0,00;0,04;0;4
29-04-24 08:11;0,00;0,01;0;1
29-04-24 08:16;0,01;0,03;1;3
29-04-24 08:21;0,00;0,03;0;3
29-04-24 08:26;0,04;0,08;4;8
29-04-24 08:31;0,08;0,05;8;5
29-04-24 08:36;0,00;0,02;0;2
29-04-24 08:41;0,01;0,04;1;4
29-04-24 08:46;0,00;0,01;0;1
29-04-24 08:51;0,00;0,01;0;1
29-04-24 08:56;0,01;0,02;1;2
29-04-24 09:01;0,06;0,03;6;3
29-04-24 09:06;0,03;0,03;3;3
29-04-24 09:11;0,02;0,02;2;2
29-04-24 09:16;0,00;0,01;0;1
29-04-24 09:21;0,00;0,01;0;1
29-04-24 09:26;0,03;0,02;3;2
29-04-24 09:31;0,00;0,01;0;1
29-04-24 09:36;0,21;0,06;21;6
29-04-24 09:41;0,11;0,07;11;7
29-04-24 09:46;0,00;0,03;0;3
29-04-24 09:51;0,06;0,03;6;3
29-04-24 09:56;0,00;0,01;0;1
29-04-24 10:01;0,00;0,01;0;1
29-04-24 10:06;0,00;0,01;0;1
29-04-24 10:11;0,00;0,03;0;3
29-04-24 10:16;0,02;0,04;2;4
29-04-24 10:21;0,02;0,03;2;3
29-04-24 10:26;0,04;0,03;4;3
29-04-24 10:31;0,00;0,01;0;1
29-04-24 10:36;0,08;0,07;8;7
29-04-24 10:41;0,00;0,03;0;3
29-04-24 10:46;0,00;0,01;0;1
29-04-24 10:51;0,01;0,03;1;3
29-04-24 10:56;0,00;0,01;0;1
29-04-24 11:01;0,05;0,06;5;6
29-04-24 11:06;0,09;0,06;9;6
29-04-24 11:11;0,00;0,02;0;2
29-04-24 11:16;0,01;0,02;1;2
29-04-24 11:21;0,13;0,08;13;8
29-04-24 11:26;0,00;0,03;0;3
29-04-24 11:31;0,00;0,01;0;1
29-04-24 11:36;0,01;0,02;1;2
29-04-24 11:41;0,08;0,12;8;12
29-04-24 11:46;0,01;0,06;1;6
29-04-24 11:51;0,04;0,05;4;5
29-04-24 11:56;0,00;0,02;0;2
29-04-24 12:01;0,00;0,01;0;1
29-04-24 12:06;0,05;0,04;5;4
29-04-24 12:11;0,02;0,05;2;5
29-04-24 12:16;0,00;0,02;0;2
29-04-24 12:21;0,00;0,01;0;1
29-04-24 12:26;0,01;0,02;1;2
29-04-24 12:31;0,04;0,03;4;3
29-04-24 12:36;0,00;0,01;0;1
29-04-24 12:41;0,06;0,06;6;6
29-04-24 12:46;0,00;0,02;0;2
29-04-24 12:51;0,01;0,03;1;3
29-04-24 12:56;0,22;0,08;22;8
29-04-24 13:01;0,00;0,03;0;3
29-04-24 13:06;0,07;0,04;7;4
29-04-24 13:11;0,07;0,06;7;6
29-04-24 13:16;0,00;0,02;0;2
29-04-24 13:21;0,03;0,04;3;4
29-04-24 13:26;0,00;0,03;0;3
29-04-24 13:31;0,01;0,02;1;2
29-04-24 13:36;0,00;0,01;0;1
29-04-24 13:41;0,00;0,01;0;1
29-04-24 13:46;0,03;0,04;3;4
29-04-24 13:51;0,01;0,03;1;3
29-04-24 13:56;0,00;0,01;0;1
29-04-24 14:01;0,00;0,01;0;1
29-04-24 14:06;0,04;0,04;4;4
29-04-24 14:11;0,00;0,01;0;1
29-04-24 14:16;0,00;0,01;0;1
29-04-24 14:21;0,00;0,01;0;1
29-04-24 14:26;0,00;0,01;0;1
29-04-24 14:31;0,03;0,04;3;4
29-04-24 14:36;0,00;0,01;0;1
29-04-24 14:41;0,00;0,01;0;1
29-04-24 14:46;0,01;0,02;1;2
29-04-24 14:51;0,02;0,04;2;4
29-04-24 14:56;0,00;0,01;0;1
29-04-24 15:01;0,07;0,03;7;3
29-04-24 15:06;0,16;0,05;16;5
29-04-24 15:11;0,01;0,03;1;3
29-04-24 15:16;0,08;0,03;8;3
29-04-24 15:21;0,06;0,04;6;4
29-04-24 15:26;0,00;0,01;0;1
29-04-24 15:31;0,00;0,01;0;1
29-04-24 15:36;0,00;0,01;0;1
29-04-24 15:41;0,06;0,03;6;3
29-04-24 15:46;0,01;0,04;1;4
29-04-24 15:51;0,00;0,01;0;1
29-04-24 15:57;0,00;0,01;0;1
29-04-24 16:02;0,02;0,02;2;2
29-04-24 16:07;0,01;0,02;1;2
29-04-24 16:12;0,00;0,01;0;1
29-04-24 16:17;0,00;0,01;0;1
29-04-24 16:22;0,06;0,06;6;6
29-04-24 16:27;0,02;0,04;2;4
29-04-24 16:32;0,00;0,02;0;2
29-04-24 16:37;0,03;0,04;3;4
29-04-24 16:42;0,00;0,02;0;2
29-04-24 16:47;0,00;0,01;0;1
29-04-24 16:52;0,00;0,01;0;1
29-04-24 16:57;0,00;0,01;0;1
29-04-24 17:02;0,00;0,01;0;1
29-04-24 17:07;0,00;0,01;0;1
29-04-24 17:12;0,02;0,05;2;5
29-04-24 17:17;0,00;0,03;0;3
29-04-24 17:22;0,00;0,01;0;1
29-04-24 17:27;0,00;0,01;0;1
29-04-24 17:32;0,01;0,02;1;2
29-04-24 17:37;0,08;0,03;8;3
29-04-24 17:42;0,00;0,01;0;1
29-04-24 17:47;0,01;0,02;1;2
29-04-24 17:52;0,02;0,03;2;3
29-04-24 17:57;0,01;0,03;1;3
29-04-24 18:02;0,02;0,04;2;4
29-04-24 18:07;0,00;0,03;0;3
29-04-24 18:12;0,02;0,03;2;3
29-04-24 18:17;0,03;0,02;3;2
29-04-24 18:22;0,00;0,01;0;1
29-04-24 18:27;0,01;0,02;1;2
29-04-24 18:32;0,04;0,04;4;4
29-04-24 18:37;0,00;0,01;0;1
29-04-24 18:42;0,02;0,03;2;3
29-04-24 18:47;0,01;0,02;1;2
29-04-24 18:52;0,00;0,01;0;1
29-04-24 18:57;0,03;0,02;3;2
29-04-24 19:02;0,00;0,01;0;1
29-04-24 19:07;0,00;0,01;0;1
29-04-24 19:12;0,00;0,01;0;1
29-04-24 19:17;0,07;0,06;7;6
29-04-24 19:22;0,02;0,05;2;5
29-04-24 19:27;0,28;0,08;28;8
29-04-24 19:32;0,00;0,03;0;3
29-04-24 19:37;0,00;0,01;0;1
29-04-24 19:42;0,02;0,02;2;2
29-04-24 19:47;0,05;0,04;5;4
29-04-24 19:52;0,06;0,04;6;4
29-04-24 19:57;0,01;0,03;1;3
29-04-24 20:02;0,05;0,03;5;3
29-04-24 20:07;0,00;0,01;0;1
29-04-24 20:12;0,06;0,04;6;4
29-04-24 20:17;0,09;0,1;9;10
29-04-24 20:22;0,00;0,04;0;4
29-04-24 20:27;0,00;0,02;0;2
29-04-24 20:32;0,00;0,01;0;1
29-04-24 20:37;0,01;0,02;1;2
29-04-24 20:42;0,00;0,01;0;1
29-04-24 20:47;0,01;0,03;1;3
29-04-24 20:52;0,11;0,06;11;6
29-04-24 20:57;0,02;0,04;2;4
29-04-24 21:02;0,00;0,03;0;3
29-04-24 21:07;0,00;0,01;0;1
29-04-24 21:12;0,00;0,01;0;1
29-04-24 21:17;0,01;0,02;1;2
29-04-24 21:22;0,00;0,01;0;1
29-04-24 21:27;0,03;0,04;3;4
29-04-24 21:32;0,02;0,05;2;5
29-04-24 21:37;0,03;0,04;3;4
29-04-24 21:42;0,00;0,01;0;1
29-04-24 21:47;0,00;0,01;0;1
29-04-24 21:52;0,00;0,01;0;1
29-04-24 21:57;0,08;0,05;8;5
29-04-24 22:02;0,00;0,02;0;2
29-04-24 22:07;0,00;0,02;0;2
29-04-24 22:12;0,00;0,01;0;1
29-04-24 22:17;0,00;0,01;0;1
29-04-24 22:22;0,01;0,02;1;2
29-04-24 22:27;0,00;0,01;0;1
29-04-24 22:32;0,00;0,01;0;1
29-04-24 22:37;0,04;0,03;4;3
29-04-24 22:42;0,03;0,03;3;3
29-04-24 22:47;0,00;0,01;0;1
29-04-24 22:52;0,00;0,01;0;1
29-04-24 22:57;0,00;0,01;0;1
29-04-24 23:02;0,01;0,02;1;2
29-04-24 23:07;0,00;0,01;0;1
29-04-24 23:12;0,00;0,01;0;1
29-04-24 23:17;0,00;0,04;0;4
29-04-24 23:22;0,02;0,03;2;3
29-04-24 23:27;0,02;0,02;2;2
29-04-24 23:32;0,00;0,01;0;1
29-04-24 23:37;0,00;0,01;0;1
29-04-24 23:42;0,00;0,01;0;1
29-04-24 23:47;0,00;0,01;0;1
29-04-24 23:52;0,08;0,04;8;4
29-04-24 23:57;0,02;0,03;2;3
30-04-24 00:02;0,04;0,06;4;6
30-04-24 00:07;0,00;0,02;0;2
30-04-24 00:12;0,00;0,01;0;1
30-04-24 00:17;0,01;0,02;1;2
30-04-24 00:22;0,01;0,02;1;2
30-04-24 00:27;0,05;0,03;5;3
30-04-24 00:32;0,00;0,01;0;1
30-04-24 00:37;0,00;0,01;0;1
30-04-24 00:42;0,00;0,01;0;1
30-04-24 00:47;0,00;0,01;0;1
30-04-24 00:52;0,00;0,01;0;1
30-04-24 00:57;0,00;0,01;0;1
30-04-24 01:02;0,08;0,04;8;4
30-04-24 01:07;0,03;0,04;3;4
30-04-24 01:12;0,00;0,01;0;1
30-04-24 01:17;0,09;0,03;9;3
30-04-24 01:22;0,00;0,01;0;1
30-04-24 01:27;0,01;0,02;1;2
30-04-24 01:32;0,08;0,03;8;3
30-04-24 01:37;0,07;0,03;7;3
30-04-24 01:42;0,01;0,02;1;2
30-04-24 01:47;0,00;0,01;0;1
30-04-24 01:52;0,08;0,04;8;4
30-04-24 01:57;0,03;0,05;3;5
30-04-24 02:02;0,00;0,02;0;2
30-04-24 02:07;0,05;0,03;5;3
30-04-24 02:12;0,00;0,02;0;2
30-04-24 02:17;0,04;0,03;4;3
30-04-24 02:22;0,02;0,02;2;2
30-04-24 02:27;0,00;0,03;0;3
30-04-24 02:32;0,08;0,03;8;3
30-04-24 02:37;0,01;0,02;1;2
30-04-24 02:42;0,01;0,03;1;3
30-04-24 02:47;0,08;0,08;8;8
30-04-24 02:52;0,01;0,04;1;4
30-04-24 02:57;0,00;0,02;0;2
30-04-24 03:02;0,04;0,04;4;4
30-04-24 03:07;0,00;0,01;0;1
30-04-24 03:12;0,00;0,01;0;1
30-04-24 03:17;0,02;0,04;2;4
30-04-24 03:22;0,03;0,03;3;3
30-04-24 03:27;0,03;0,03;3;3
30-04-24 03:32;0,00;0,01;0;1
30-04-24 03:37;0,00;0,01;0;1
30-04-24 03:42;0,00;0,01;0;1
30-04-24 03:47;0,09;0,04;9;4
30-04-24 03:52;0,00;0,03;0;3
30-04-24 03:57;0,00;0,01;0;1
30-04-24 04:02;0,00;0,01;0;1
30-04-24 04:07;0,13;0,06;13;6
30-04-24 04:12;0,09;0,07;9;7
30-04-24 04:17;0,01;0,04;1;4
30-04-24 04:22;0,00;0,01;0;1
30-04-24 04:27;0,00;0,01;0;1
30-04-24 04:32;0,00;0,01;0;1
30-04-24 04:37;0,00;0,01;0;1
30-04-24 04:42;0,00;0,01;0;1
30-04-24 04:47;0,01;0,03;1;3
30-04-24 04:52;0,06;0,05;6;5
30-04-24 04:57;0,00;0,02;0;2
30-04-24 05:02;0,00;0,01;0;1
30-04-24 05:07;0,02;0,02;2;2
30-04-24 05:12;0,00;0,01;0;1
30-04-24 05:17;0,04;0,03;4;3
30-04-24 05:22;0,00;0,01;0;1
30-04-24 05:27;0,01;0,03;1;3
30-04-24 05:32;0,00;0,01;0;1
30-04-24 05:37;0,00;0,01;0;1
30-04-24 05:42;0,00;0,01;0;1
30-04-24 05:47;0,00;0,01;0;1
30-04-24 05:52;0,02;0,03;2;3
30-04-24 05:57;0,00;0,01;0;1
30-04-24 06:02;0,00;0,01;0;1
30-04-24 06:07;0,00;0,01;0;1
30-04-24 06:12;0,00;0,01;0;1
30-04-24 06:17;0,00;0,01;0;1
30-04-24 06:22;0,10;0,08;10;8
30-04-24 06:27;0,00;0,04;0;4
30-04-24 06:32;0,04;0,03;4;3
30-04-24 06:37;0,01;0,03;1;3
30-04-24 06:42;0,00;0,01;0;1
30-04-24 06:47;0,00;0,01;0;1
30-04-24 06:52;0,00;0,01;0;1
30-04-24 06:57;0,00;0,01;0;1
30-04-24 07:02;0,00;0,01;0;1
30-04-24 07:07;0,04;0,03;4;3
30-04-24 07:12;0,02;0,04;2;4
30-04-24 07:17;0,00;0,01;0;1
30-04-24 07:22;0,00;0,01;0;1
30-04-24 07:27;0,05;0,06;5;6
30-04-24 07:32;0,00;0,02;0;2
30-04-24 07:37;0,11;0,04;11;4
30-04-24 07:42;0,01;0,03;1;3
30-04-24 07:47;0,08;0,03;8;3
30-04-24 07:52;0,00;0,01;0;1
30-04-24 07:57;0,09;0,06;9;6
30-04-24 08:02;0,01;0,04;1;4
30-04-24 08:07;0,01;0,03;1;3
30-04-24 08:12;0,00;0,01;0;1
30-04-24 08:17;0,02;0,06;2;6
30-04-24 08:22;0,00;0,03;0;3
30-04-24 08:27;0,03;0,03;3;3
30-04-24 08:32;0,05;0,04;5;4
30-04-24 08:37;0,00;0,01;0;1
30-04-24 08:42;0,12;0,06;12;6
30-04-24 08:47;0,00;0,03;0;3
30-04-24 08:52;0,00;0,01;0;1
30-04-24 08:57;0,00;0,01;0;1
30-04-24 09:02;0,00;0,01;0;1
30-04-24 09:07;0,01;0,02;1;2
30-04-24 09:12;0,00;0,01;0;1
