DATE_TIME;ROOT_DISK_SIZE_VALUE;ROOT_DISK_USED_VALUE;ROOT_DISK_FREE
24-04-24 07:58;51123825;23180889;27942936
24-04-24 08:03;51123825;23180890;27942935
24-04-24 08:08;51123825;23181014;27942811
24-04-24 08:13;51123825;23180896;27942929
24-04-24 08:18;51123825;23180896;27942929
24-04-24 08:23;51123825;23180897;27942928
24-04-24 08:28;51123825;23180897;27942928
24-04-24 08:33;51123825;23180899;27942926
24-04-24 08:38;51123825;23180899;27942926
24-04-24 08:43;51123825;23180900;27942925
24-04-24 08:48;51123825;23180900;27942925
24-04-24 08:53;51123825;23180901;27942924
24-04-24 08:58;51123825;23180901;27942924
24-04-24 09:03;51123825;23180904;27942921
24-04-24 09:08;51123825;23180904;27942921
24-04-24 09:13;51123825;23180906;27942919
24-04-24 09:18;51123825;23180931;27942894
24-04-24 09:23;51123825;23180905;27942920
24-04-24 09:28;51123825;23180906;27942919
24-04-24 09:33;51123825;23180908;27942917
24-04-24 09:38;51123825;23180912;27942913
24-04-24 09:43;51123825;23180913;27942912
24-04-24 09:48;51123825;23180913;27942912
24-04-24 09:53;51123825;23180914;27942911
24-04-24 09:58;51123825;23180914;27942911
24-04-24 10:03;51123825;23180917;27942908
24-04-24 10:08;51123825;23180914;27942911
24-04-24 10:13;51123825;23180915;27942910
24-04-24 10:18;51123825;23181440;27942385
24-04-24 10:23;51123825;23180921;27942904
24-04-24 10:28;51123825;23181472;27942353
24-04-24 10:33;51123825;23181474;27942351
24-04-24 10:38;51123825;23181475;27942350
24-04-24 10:43;51123825;23181476;27942349
24-04-24 10:48;51123825;23181000;27942825
24-04-24 10:53;51123825;23180958;27942867
24-04-24 10:58;51123825;23180959;27942866
24-04-24 11:03;51123825;23180962;27942863
24-04-24 11:08;51123825;23181486;27942339
24-04-24 11:13;51123825;23180976;27942849
24-04-24 11:18;51123825;23188939;27934886
24-04-24 11:23;51123825;23188956;27934869
24-04-24 11:28;51123825;23188921;27934904
24-04-24 11:33;51123825;23188927;27934898
24-04-24 11:38;51123825;23188927;27934898
24-04-24 11:43;51123825;23188929;27934896
24-04-24 11:48;51123825;23188929;27934896
24-04-24 11:53;51123825;23188933;27934892
24-04-24 11:58;51123825;23188933;27934892
24-04-24 12:03;51123825;23195628;27928197
24-04-24 12:08;51123825;23202027;27921798
24-04-24 12:13;51123825;23202539;27921286
24-04-24 12:18;51123825;23202093;27921732
24-04-24 12:23;51123825;23202020;27921805
24-04-24 12:28;51123825;23202557;27921268
24-04-24 12:33;51123825;23202559;27921266
24-04-24 12:38;51123825;23202054;27921771
24-04-24 12:43;51123825;23202053;27921772
24-04-24 12:48;51123825;23202053;27921772
24-04-24 12:53;51123825;23202055;27921770
24-04-24 12:58;51123825;23202055;27921770
24-04-24 13:03;51123825;23202056;27921769
24-04-24 13:08;51123825;23202056;27921769
24-04-24 13:13;51123825;23208505;27915320
24-04-24 13:18;51123825;23220539;27903286
24-04-24 13:23;51123825;23220522;27903303
24-04-24 13:28;51123825;23220532;27903293
24-04-24 13:33;51123825;23220526;27903299
24-04-24 13:38;51123825;23221019;27902806
24-04-24 13:43;51123825;23220520;27903305
24-04-24 13:48;51123825;23220520;27903305
24-04-24 13:53;51123825;23220535;27903290
24-04-24 13:58;51123825;23220532;27903293
24-04-24 14:03;51123825;23220534;27903291
24-04-24 14:08;51123825;23220534;27903291
24-04-24 14:13;51123825;23220535;27903290
24-04-24 14:18;51123825;23220535;27903290
24-04-24 14:23;51123825;23220537;27903288
24-04-24 14:28;51123825;23220537;27903288
24-04-24 14:33;51123825;23220539;27903286
24-04-24 14:38;51123825;23220539;27903286
24-04-24 14:43;51123825;23220541;27903284
24-04-24 14:48;51123825;23220541;27903284
24-04-24 14:53;51123825;23220551;27903274
24-04-24 14:58;51123825;23220538;27903287
24-04-24 15:03;51123825;23220540;27903285
24-04-24 15:08;51123825;23220544;27903281
24-04-24 15:13;51123825;23220546;27903279
24-04-24 15:18;51123825;23220546;27903279
24-04-24 15:23;51123825;23220550;27903275
24-04-24 15:28;51123825;23220550;27903275
24-04-24 15:33;51123825;23220577;27903248
24-04-24 15:38;51123825;23220557;27903268
24-04-24 15:43;51123825;23220558;27903267
24-04-24 15:48;51123825;23220558;27903267
24-04-24 15:53;51123825;23220559;27903266
24-04-24 15:58;51123825;23220559;27903266
24-04-24 16:03;51123825;23220562;27903263
24-04-24 16:08;51123825;23220563;27903262
24-04-24 16:13;51123825;23220564;27903261
24-04-24 16:18;51123825;23220565;27903260
24-04-24 16:23;51123825;23220567;27903258
24-04-24 16:28;51123825;23220568;27903257
24-04-24 16:33;51123825;23220569;27903256
24-04-24 16:38;51123825;23220570;27903255
24-04-24 16:43;51123825;23220572;27903253
24-04-24 16:48;51123825;23220572;27903253
24-04-24 16:53;51123825;23220575;27903250
24-04-24 16:58;51123825;23220579;27903246
24-04-24 17:03;51123825;23220580;27903245
24-04-24 17:08;51123825;23220581;27903244
24-04-24 17:13;51123825;23220582;27903243
24-04-24 17:18;51123825;23220582;27903243
24-04-24 17:23;51123825;23220584;27903241
24-04-24 17:28;51123825;23220584;27903241
24-04-24 17:33;51123825;23220586;27903239
24-04-24 17:38;51123825;23220586;27903239
24-04-24 17:43;51123825;23220588;27903237
24-04-24 17:48;51123825;23220588;27903237
24-04-24 17:53;51123825;23220590;27903235
24-04-24 17:58;51123825;23220593;27903232
24-04-24 18:03;51123825;23220588;27903237
24-04-24 18:08;51123825;23220590;27903235
24-04-24 18:13;51123825;23220592;27903233
24-04-24 18:18;51123825;23220592;27903233
24-04-24 18:23;51123825;23220593;27903232
24-04-24 18:28;51123825;23220593;27903232
24-04-24 18:33;51123825;23220594;27903231
24-04-24 18:38;51123825;23220594;27903231
24-04-24 18:43;51123825;23220596;27903229
24-04-24 18:48;51123825;23220596;27903229
24-04-24 18:53;51123825;23220598;27903227
24-04-24 18:58;51123825;23220598;27903227
24-04-24 19:03;51123825;23220600;27903225
24-04-24 19:08;51123825;23220601;27903224
24-04-24 19:13;51123825;23220605;27903220
24-04-24 19:18;51123825;23220605;27903220
24-04-24 19:23;51123825;23220637;27903188
24-04-24 19:28;51123825;23220606;27903219
24-04-24 19:33;51123825;23246649;27877176
24-04-24 19:38;51123825;23246513;27877312
24-04-24 19:43;51123825;23246526;27877299
24-04-24 19:48;51123825;23246514;27877311
24-04-24 19:53;51123825;23246649;27877176
24-04-24 19:58;51123825;23246516;27877309
24-04-24 20:03;51123825;23246542;27877283
24-04-24 20:08;51123825;23246518;27877307
24-04-24 20:13;51123825;23246650;27877175
24-04-24 20:18;51123825;23246521;27877304
24-04-24 20:23;51123825;23246529;27877296
24-04-24 20:28;51123825;23246522;27877303
24-04-24 20:33;51123825;23246529;27877296
24-04-24 20:38;51123825;23246523;27877302
24-04-24 20:43;51123825;23246650;27877175
24-04-24 20:48;51123825;23246570;27877255
24-04-24 20:53;51123825;23246602;27877223
24-04-24 20:58;51123825;23246531;27877294
24-04-24 21:03;51123825;23246782;27877043
24-04-24 21:08;51123825;23246533;27877292
24-04-24 21:13;51123825;23246585;27877240
24-04-24 21:18;51123825;23246572;27877253
24-04-24 21:23;51123825;23246545;27877280
24-04-24 21:28;51123825;23246539;27877286
24-04-24 21:33;51123825;23246571;27877254
24-04-24 21:38;51123825;23217164;27906661
24-04-24 21:43;51123825;23217179;27906646
24-04-24 21:48;51123825;23217193;27906632
24-04-24 21:53;51123825;23217187;27906638
24-04-24 21:58;51123825;23217170;27906655
24-04-24 22:03;51123825;23217182;27906643
24-04-24 22:08;51123825;23217171;27906654
24-04-24 22:13;51123825;23217187;27906638
24-04-24 22:18;51123825;23217178;27906647
24-04-24 22:23;51123825;23217183;27906642
24-04-24 22:28;51123825;23217175;27906650
24-04-24 22:33;51123825;23217187;27906638
24-04-24 22:38;51123825;23217178;27906647
24-04-24 22:43;51123825;23217236;27906589
24-04-24 22:48;51123825;23217241;27906584
24-04-24 22:53;51123825;23217247;27906578
24-04-24 22:58;51123825;23217242;27906583
24-04-24 23:03;51123825;23217249;27906576
24-04-24 23:08;51123825;23217277;27906548
24-04-24 23:13;51123825;23217210;27906615
24-04-24 23:18;51123825;23217200;27906625
24-04-24 23:23;51123825;23217204;27906621
24-04-24 23:28;51123825;23217216;27906609
24-04-24 23:33;51123825;23217204;27906621
24-04-24 23:38;51123825;23217209;27906616
24-04-24 23:43;51123825;23217237;27906588
24-04-24 23:48;51123825;23217207;27906618
24-04-24 23:53;51123825;23217043;27906782
24-04-24 23:58;51123825;23217030;27906795
25-04-24 00:03;51123825;23217048;27906777
25-04-24 00:08;51123825;23217033;27906792
25-04-24 00:13;51123825;23217034;27906791
25-04-24 00:18;51123825;23217040;27906785
25-04-24 00:23;51123825;23217052;27906773
25-04-24 00:28;51123825;23217038;27906787
25-04-24 00:33;51123825;23217040;27906785
25-04-24 00:38;51123825;23217040;27906785
25-04-24 00:43;51123825;23221137;27902688
25-04-24 00:48;51123825;23221137;27902688
25-04-24 00:53;51123825;23221157;27902668
25-04-24 00:58;51123825;23221139;27902686
25-04-24 01:03;51123825;23221140;27902685
25-04-24 01:08;51123825;23221140;27902685
25-04-24 01:13;51123825;23221155;27902670
25-04-24 01:18;51123825;23221143;27902682
25-04-24 01:23;51123825;23221144;27902681
25-04-24 01:28;51123825;23221191;27902634
25-04-24 01:33;51123825;23221206;27902619
25-04-24 01:38;51123825;23221150;27902675
25-04-24 01:43;51123825;23221151;27902674
25-04-24 01:48;51123825;23221151;27902674
25-04-24 01:53;51123825;23221152;27902673
25-04-24 01:58;51123825;23221152;27902673
25-04-24 02:03;51123825;23221180;27902645
25-04-24 02:08;51123825;23221155;27902670
25-04-24 02:13;51123825;23221170;27902655
25-04-24 02:18;51123825;23221156;27902669
25-04-24 02:23;51123825;23221180;27902645
25-04-24 02:28;51123825;23221158;27902667
25-04-24 02:33;51123825;23221171;27902654
25-04-24 02:38;51123825;23221159;27902666
25-04-24 02:43;51123825;23221171;27902654
25-04-24 02:48;51123825;23221161;27902664
25-04-24 02:53;51123825;23221180;27902645
25-04-24 02:58;51123825;23221163;27902662
25-04-24 03:03;51123825;23221180;27902645
25-04-24 03:08;51123825;23221165;27902660
25-04-24 03:13;51123825;23221197;27902628
25-04-24 03:18;51123825;23221167;27902658
25-04-24 03:23;51123825;23221175;27902650
25-04-24 03:28;51123825;23221170;27902655
25-04-24 03:33;51123825;23221198;27902627
25-04-24 03:38;51123825;23221172;27902653
25-04-24 03:43;51123825;23221176;27902649
25-04-24 03:48;51123825;23221173;27902652
25-04-24 03:53;51123825;23221176;27902649
25-04-24 03:58;51123825;23221174;27902651
25-04-24 04:03;51123825;23221198;27902627
25-04-24 04:08;51123825;23221177;27902648
25-04-24 04:13;51123825;23221178;27902647
25-04-24 04:18;51123825;23221178;27902647
25-04-24 04:23;51123825;23221180;27902645
25-04-24 04:28;51123825;23221180;27902645
25-04-24 04:33;51123825;23221185;27902640
25-04-24 04:38;51123825;23221182;27902643
25-04-24 04:43;51123825;23221185;27902640
25-04-24 04:48;51123825;23221185;27902640
25-04-24 04:53;51123825;23221186;27902639
25-04-24 04:58;51123825;23221186;27902639
25-04-24 05:03;51123825;23221206;27902619
25-04-24 05:08;51123825;23221188;27902637
25-04-24 05:13;51123825;23221190;27902635
25-04-24 05:18;51123825;23221190;27902635
25-04-24 05:23;51123825;23221191;27902634
25-04-24 05:28;51123825;23221191;27902634
25-04-24 05:33;51123825;23221199;27902626
25-04-24 05:38;51123825;23221196;27902629
25-04-24 05:43;51123825;23221197;27902628
25-04-24 05:48;51123825;23221197;27902628
25-04-24 05:53;51123825;23221198;27902627
25-04-24 05:58;51123825;23221198;27902627
25-04-24 06:03;51123825;23221200;27902625
25-04-24 06:08;51123825;23221200;27902625
25-04-24 06:13;51123825;23228857;27894968
25-04-24 06:18;51123825;23228820;27895005
25-04-24 06:23;51123825;23228821;27895004
25-04-24 06:28;51123825;23228821;27895004
25-04-24 06:33;51123825;23228822;27895003
25-04-24 06:38;51123825;23229078;27894747
25-04-24 06:43;51123825;23229080;27894745
25-04-24 06:48;51123825;23229080;27894745
25-04-24 06:53;51123825;23229082;27894743
25-04-24 06:58;51123825;23229082;27894743
25-04-24 07:03;51123825;23229113;27894712
25-04-24 07:08;51123825;23229085;27894740
25-04-24 07:13;51123825;23229138;27894687
25-04-24 07:18;51123825;23229086;27894739
25-04-24 07:23;51123825;23229087;27894738
25-04-24 07:28;51123825;23229087;27894738
25-04-24 07:33;51123825;23229666;27894159
25-04-24 07:38;51123825;23229666;27894159
25-04-24 07:43;51123825;23229659;27894166
25-04-24 07:48;51123825;23229659;27894166
25-04-24 07:53;51123825;23229664;27894161
25-04-24 07:58;51123825;23229662;27894163
25-04-24 08:03;51123825;23229663;27894162
25-04-24 08:08;51123825;23229690;27894135
25-04-24 08:13;51123825;23229761;27894064
25-04-24 08:18;51123825;23229672;27894153
25-04-24 08:23;51123825;23229673;27894152
25-04-24 08:28;51123825;23229725;27894100
25-04-24 08:33;51123825;23229676;27894149
25-04-24 08:38;51123825;23229679;27894146
25-04-24 08:43;51123825;23229681;27894144
25-04-24 08:48;51123825;23229682;27894143
25-04-24 08:53;51123825;23229683;27894142
25-04-24 08:58;51123825;23229740;27894085
25-04-24 09:03;51123825;23229713;27894112
25-04-24 09:08;51123825;23229757;27894068
25-04-24 09:13;51123825;23229759;27894066
25-04-24 09:18;51123825;23229759;27894066
25-04-24 09:23;51123825;23229738;27894087
25-04-24 09:28;51123825;23229733;27894092
25-04-24 09:33;51123825;23229761;27894064
25-04-24 09:38;51123825;23229736;27894089
25-04-24 09:43;51123825;23229778;27894047
25-04-24 09:48;51123825;23229741;27894084
25-04-24 09:53;51123825;23239743;27884082
25-04-24 09:58;51123825;23239743;27884082
25-04-24 10:03;51123825;23239744;27884081
25-04-24 10:08;51123825;23239745;27884080
25-04-24 10:13;51123825;23239750;27884075
25-04-24 10:18;51123825;23239754;27884071
25-04-24 10:23;51123825;23239792;27884033
25-04-24 10:28;51123825;23239850;27883975
25-04-24 10:33;51123825;23239790;27884035
25-04-24 10:38;51123825;23239785;27884040
25-04-24 10:43;51123825;23239839;27883986
25-04-24 10:48;51123825;23239900;27883925
25-04-24 10:53;51123825;23239907;27883918
25-04-24 10:58;51123825;23239801;27884024
25-04-24 11:03;51123825;23239804;27884021
25-04-24 11:08;51123825;23239806;27884019
25-04-24 11:13;51123825;23239824;27884001
25-04-24 11:18;51123825;23239807;27884018
25-04-24 11:23;51123825;23239900;27883925
25-04-24 11:28;51123825;23239809;27884016
25-04-24 11:33;51123825;23239911;27883914
25-04-24 11:38;51123825;23239815;27884010
25-04-24 11:43;51123825;23239822;27884003
25-04-24 11:48;51123825;23239822;27884003
25-04-24 11:53;51123825;23239825;27884000
25-04-24 11:58;51123825;23239825;27884000
25-04-24 12:03;51123825;23239826;27883999
25-04-24 12:08;51123825;23239875;27883950
25-04-24 12:13;51123825;23239828;27883997
25-04-24 12:18;51123825;23239828;27883997
25-04-24 12:23;51123825;23239829;27883996
25-04-24 12:28;51123825;23239829;27883996
25-04-24 12:33;51123825;23239834;27883991
25-04-24 12:38;51123825;23239834;27883991
25-04-24 12:43;51123825;23239835;27883990
25-04-24 12:48;51123825;23239839;27883986
25-04-24 12:53;51123825;23239841;27883984
25-04-24 12:58;51123825;23239842;27883983
25-04-24 13:03;51123825;23239844;27883981
25-04-24 13:08;51123825;23239844;27883981
25-04-24 13:13;51123825;23239846;27883979
25-04-24 13:18;51123825;23239846;27883979
25-04-24 13:23;51123825;23239848;27883977
25-04-24 13:28;51123825;23239867;27883958
25-04-24 13:33;51123825;23239852;27883973
25-04-24 13:38;51123825;23239852;27883973
25-04-24 13:43;51123825;23239854;27883971
25-04-24 13:48;51123825;23239854;27883971
25-04-24 13:53;51123825;23239856;27883969
25-04-24 13:58;51123825;23239858;27883967
25-04-24 14:03;51123825;23239863;27883962
25-04-24 14:08;51123825;23239863;27883962
25-04-24 14:13;51123825;23239864;27883961
25-04-24 14:18;51123825;23239865;27883960
25-04-24 14:23;51123825;23239941;27883884
25-04-24 14:28;51123825;23239922;27883903
25-04-24 14:33;51123825;23239871;27883954
25-04-24 14:38;51123825;23239940;27883885
25-04-24 14:43;51123825;23239875;27883950
25-04-24 14:48;51123825;23239875;27883950
25-04-24 14:53;51123825;23239876;27883949
25-04-24 14:58;51123825;23239876;27883949
25-04-24 15:03;51123825;23239875;27883950
25-04-24 15:08;51123825;23239875;27883950
25-04-24 15:13;51123825;23239877;27883948
25-04-24 15:18;51123825;23239909;27883916
25-04-24 15:23;51123825;23239880;27883945
25-04-24 15:28;51123825;23239880;27883945
25-04-24 15:33;51123825;23239881;27883944
25-04-24 15:38;51123825;23239881;27883944
25-04-24 15:43;51123825;23239883;27883942
25-04-24 15:48;51123825;23239884;27883941
25-04-24 15:53;51123825;23239886;27883939
25-04-24 15:58;51123825;23239890;27883935
25-04-24 16:03;51123825;23239893;27883932
25-04-24 16:08;51123825;23239893;27883932
25-04-24 16:13;51123825;23239911;27883914
25-04-24 16:18;51123825;23239899;27883926
25-04-24 16:23;51123825;23239962;27883863
25-04-24 16:28;51123825;23239899;27883926
25-04-24 16:33;51123825;23239952;27883873
25-04-24 16:38;51123825;23239906;27883919
25-04-24 16:43;51123825;23239908;27883917
25-04-24 16:48;51123825;23239908;27883917
25-04-24 16:53;51123825;23239913;27883912
25-04-24 16:58;51123825;23239914;27883911
25-04-24 17:03;51123825;23239915;27883910
25-04-24 17:08;51123825;23239915;27883910
25-04-24 17:13;51123825;23239917;27883908
25-04-24 17:18;51123825;23239915;27883910
25-04-24 17:23;51123825;23239919;27883906
25-04-24 17:28;51123825;23239919;27883906
25-04-24 17:33;51123825;23239920;27883905
25-04-24 17:38;51123825;23239921;27883904
25-04-24 17:43;51123825;23239923;27883902
25-04-24 17:48;51123825;23239923;27883902
25-04-24 17:53;51123825;23239924;27883901
25-04-24 17:58;51123825;23239924;27883901
25-04-24 18:03;51123825;23239934;27883891
25-04-24 18:08;51123825;23239928;27883897
25-04-24 18:13;51123825;23239929;27883896
25-04-24 18:18;51123825;23239929;27883896
25-04-24 18:23;51123825;23239931;27883894
25-04-24 18:28;51123825;23239931;27883894
25-04-24 18:33;51123825;23239932;27883893
25-04-24 18:38;51123825;23239932;27883893
25-04-24 18:43;51123825;23239933;27883892
25-04-24 18:48;51123825;23239933;27883892
25-04-24 18:53;51123825;23239936;27883889
25-04-24 18:58;51123825;23239936;27883889
25-04-24 19:03;51123825;23239937;27883888
25-04-24 19:08;51123825;23239937;27883888
25-04-24 19:13;51123825;23239939;27883886
25-04-24 19:18;51123825;23239939;27883886
25-04-24 19:23;51123825;23239940;27883885
25-04-24 19:28;51123825;23239940;27883885
25-04-24 19:33;51123825;23239943;27883882
25-04-24 19:38;51123825;23239943;27883882
25-04-24 19:43;51123825;23239944;27883881
25-04-24 19:48;51123825;23232069;27891756
25-04-24 19:53;51123825;23264825;27859000
25-04-24 19:58;51123825;23264825;27859000
25-04-24 20:03;51123825;23264897;27858928
25-04-24 20:08;51123825;23264827;27858998
25-04-24 20:13;51123825;23264837;27858988
25-04-24 20:18;51123825;23264829;27858996
25-04-24 20:23;51123825;23264897;27858928
25-04-24 20:28;51123825;23264831;27858994
25-04-24 20:33;51123825;23264838;27858987
25-04-24 20:38;51123825;23264832;27858993
25-04-24 20:43;51123825;23264914;27858911
25-04-24 20:48;51123825;23264837;27858988
25-04-24 20:53;51123825;23264842;27858983
25-04-24 20:58;51123825;23265168;27858657
25-04-24 21:03;51123825;23265618;27858207
25-04-24 21:08;51123825;23266339;27857486
25-04-24 21:13;51123825;23266296;27857529
25-04-24 21:18;51123825;23266295;27857530
25-04-24 21:23;51123825;23266365;27857460
25-04-24 21:28;51123825;23266298;27857527
25-04-24 21:33;51123825;23266330;27857495
25-04-24 21:38;51123825;23266402;27857423
25-04-24 21:43;51123825;23266318;27857507
25-04-24 21:48;51123825;23266305;27857520
25-04-24 21:53;51123825;23266438;27857387
25-04-24 21:58;51123825;23266307;27857518
25-04-24 22:03;51123825;23266387;27857438
25-04-24 22:08;51123825;23266311;27857514
25-04-24 22:13;51123825;23266441;27857384
25-04-24 22:18;51123825;23266316;27857509
25-04-24 22:23;51123825;23266324;27857501
25-04-24 22:28;51123825;23266316;27857509
25-04-24 22:33;51123825;23266442;27857383
25-04-24 22:38;51123825;23266318;27857507
25-04-24 22:43;51123825;23266325;27857500
25-04-24 22:48;51123825;23266319;27857506
25-04-24 22:53;51123825;23266325;27857500
25-04-24 22:58;51123825;23266320;27857505
25-04-24 23:03;51123825;23266442;27857383
25-04-24 23:08;51123825;23266323;27857502
25-04-24 23:13;51123825;23266326;27857499
25-04-24 23:18;51123825;23266324;27857501
25-04-24 23:23;51123825;23266442;27857383
25-04-24 23:28;51123825;23266326;27857499
25-04-24 23:33;51123825;23266327;27857498
25-04-24 23:38;51123825;23266327;27857498
25-04-24 23:43;51123825;23266474;27857351
25-04-24 23:48;51123825;23268506;27855319
25-04-24 23:53;51123825;23268341;27855484
25-04-24 23:58;51123825;23268328;27855497
26-04-24 00:03;51123825;23268444;27855381
26-04-24 00:08;51123825;23268385;27855440
26-04-24 00:13;51123825;23268332;27855493
26-04-24 00:18;51123825;23268332;27855493
26-04-24 00:23;51123825;23268446;27855379
26-04-24 00:28;51123825;23268334;27855491
26-04-24 00:33;51123825;23268358;27855467
26-04-24 00:38;51123825;23268338;27855487
26-04-24 00:43;51123825;23268339;27855486
26-04-24 00:48;51123825;23268339;27855486
26-04-24 00:53;51123825;23268468;27855357
26-04-24 00:58;51123825;23268341;27855484
26-04-24 01:03;51123825;23268353;27855472
26-04-24 01:08;51123825;23268344;27855481
26-04-24 01:13;51123825;23268503;27855322
26-04-24 01:18;51123825;23268347;27855478
26-04-24 01:23;51123825;23268348;27855477
26-04-24 01:28;51123825;23268348;27855477
26-04-24 01:33;51123825;23268350;27855475
26-04-24 01:38;51123825;23268350;27855475
26-04-24 01:43;51123825;23268351;27855474
26-04-24 01:48;51123825;23268351;27855474
26-04-24 01:53;51123825;23268352;27855473
26-04-24 01:58;51123825;23268352;27855473
26-04-24 02:03;51123825;23268496;27855329
26-04-24 02:08;51123825;23268364;27855461
26-04-24 02:13;51123825;23268358;27855467
26-04-24 02:18;51123825;23268358;27855467
26-04-24 02:23;51123825;23268497;27855328
26-04-24 02:28;51123825;23268361;27855464
26-04-24 02:33;51123825;23268374;27855451
26-04-24 02:38;51123825;23268362;27855463
26-04-24 02:43;51123825;23268497;27855328
26-04-24 02:48;51123825;23268365;27855460
26-04-24 02:53;51123825;23268375;27855450
26-04-24 02:58;51123825;23268366;27855459
26-04-24 03:03;51123825;23268497;27855328
26-04-24 03:08;51123825;23268368;27855457
26-04-24 03:13;51123825;23268376;27855449
26-04-24 03:18;51123825;23268370;27855455
26-04-24 03:23;51123825;23268377;27855448
26-04-24 03:28;51123825;23268372;27855453
26-04-24 03:33;51123825;23268498;27855327
26-04-24 03:38;51123825;23268385;27855440
26-04-24 03:43;51123825;23268379;27855446
26-04-24 03:48;51123825;23268376;27855449
26-04-24 03:53;51123825;23268378;27855447
26-04-24 03:58;51123825;23268378;27855447
26-04-24 04:03;51123825;23268380;27855445
26-04-24 04:08;51123825;23268380;27855445
26-04-24 04:13;51123825;23268382;27855443
26-04-24 04:18;51123825;23268382;27855443
26-04-24 04:23;51123825;23268383;27855442
26-04-24 04:28;51123825;23268383;27855442
26-04-24 04:33;51123825;23268384;27855441
26-04-24 04:38;51123825;23268384;27855441
26-04-24 04:43;51123825;23268387;27855438
26-04-24 04:48;51123825;23268387;27855438
26-04-24 04:53;51123825;23268388;27855437
26-04-24 04:58;51123825;23268388;27855437
26-04-24 05:04;51123825;23268506;27855319
26-04-24 05:09;51123825;23268390;27855435
26-04-24 05:14;51123825;23268391;27855434
26-04-24 05:19;51123825;23268391;27855434
26-04-24 05:24;51123825;23268394;27855431
26-04-24 05:29;51123825;23268394;27855431
26-04-24 05:34;51123825;23268396;27855429
26-04-24 05:39;51123825;23268396;27855429
26-04-24 05:44;51123825;23268397;27855428
26-04-24 05:49;51123825;23268397;27855428
26-04-24 05:54;51123825;23268399;27855426
26-04-24 05:59;51123825;23273231;27850594
26-04-24 06:04;51123825;23273239;27850586
26-04-24 06:09;51123825;23273233;27850592
26-04-24 06:14;51123825;23273236;27850589
26-04-24 06:19;51123825;23273236;27850589
26-04-24 06:24;51123825;23273237;27850588
26-04-24 06:29;51123825;23273237;27850588
26-04-24 06:34;51123825;23273238;27850587
26-04-24 06:39;51123825;23273238;27850587
26-04-24 06:44;51123825;23273240;27850585
26-04-24 06:49;51123825;23273240;27850585
26-04-24 06:54;51123825;23273242;27850583
26-04-24 06:59;51123825;23274058;27849767
26-04-24 07:04;51123825;23274189;27849636
26-04-24 07:09;51123825;23274062;27849763
26-04-24 07:14;51123825;23274063;27849762
26-04-24 07:19;51123825;23274063;27849762
26-04-24 07:24;51123825;23274385;27849440
26-04-24 07:29;51123825;23274385;27849440
26-04-24 07:34;51123825;23274387;27849438
26-04-24 07:39;51123825;23274393;27849432
26-04-24 07:44;51123825;23274416;27849409
26-04-24 07:49;51123825;23274472;27849353
26-04-24 07:54;51123825;23274384;27849441
26-04-24 07:59;51123825;23274385;27849440
26-04-24 08:04;51123825;23274386;27849439
26-04-24 08:09;51123825;23274386;27849439
26-04-24 08:14;51123825;23274389;27849436
26-04-24 08:19;51123825;23274389;27849436
26-04-24 08:24;51123825;23274398;27849427
26-04-24 08:29;51123825;23274394;27849431
26-04-24 08:34;51123825;23274396;27849429
26-04-24 08:39;51123825;23274396;27849429
26-04-24 08:44;51123825;23274397;27849428
26-04-24 08:49;51123825;23274397;27849428
26-04-24 08:54;51123825;23274398;27849427
26-04-24 08:59;51123825;23274398;27849427
26-04-24 09:04;51123825;23274401;27849424
26-04-24 09:09;51123825;23274456;27849369
26-04-24 09:14;51123825;23274402;27849423
26-04-24 09:19;51123825;23274402;27849423
26-04-24 09:24;51123825;23274405;27849420
26-04-24 09:29;51123825;23274405;27849420
26-04-24 09:34;51123825;23274407;27849418
26-04-24 09:39;51123825;23274438;27849387
26-04-24 09:44;51123825;23274413;27849412
26-04-24 09:49;51123825;23274413;27849412
26-04-24 09:54;51123825;23274415;27849410
26-04-24 09:59;51123825;23274415;27849410
26-04-24 10:04;51123825;23274416;27849409
26-04-24 10:09;51123825;23274456;27849369
26-04-24 10:14;51123825;23274421;27849404
26-04-24 10:19;51123825;23274421;27849404
26-04-24 10:24;51123825;23274423;27849402
26-04-24 10:29;51123825;23274423;27849402
26-04-24 10:34;51123825;23274426;27849399
26-04-24 10:39;51123825;23274427;27849398
26-04-24 10:44;51123825;23274428;27849397
26-04-24 10:49;51123825;23274429;27849396
26-04-24 10:54;51123825;23274430;27849395
26-04-24 10:59;51123825;23274430;27849395
26-04-24 11:04;51123825;23274433;27849392
26-04-24 11:09;51123825;23274485;27849340
26-04-24 11:14;51123825;23274434;27849391
26-04-24 11:19;51123825;23274434;27849391
26-04-24 11:24;51123825;23274438;27849387
26-04-24 11:29;51123825;23274438;27849387
26-04-24 11:34;51123825;23274439;27849386
26-04-24 11:39;51123825;23278119;27845706
26-04-24 11:44;51123825;23278195;27845630
26-04-24 11:49;51123825;23278122;27845703
26-04-24 11:54;51123825;23278124;27845701
26-04-24 11:59;51123825;23278124;27845701
26-04-24 12:04;51123825;23278126;27845699
26-04-24 12:09;51123825;23278126;27845699
26-04-24 12:14;51123825;23278127;27845698
26-04-24 12:19;51123825;23278127;27845698
26-04-24 12:24;51123825;23278128;27845697
26-04-24 12:29;51123825;23278130;27845695
26-04-24 12:34;51123825;23278153;27845672
26-04-24 12:39;51123825;23278136;27845689
26-04-24 12:44;51123825;23278138;27845687
26-04-24 12:49;51123825;23278138;27845687
26-04-24 12:54;51123825;23278139;27845686
26-04-24 12:59;51123825;23278139;27845686
26-04-24 13:04;51123825;23278141;27845684
26-04-24 13:09;51123825;23278141;27845684
26-04-24 13:14;51123825;23278144;27845681
26-04-24 13:19;51123825;23278144;27845681
26-04-24 13:24;51123825;23278145;27845680
26-04-24 13:29;51123825;23278146;27845679
26-04-24 13:34;51123825;23278224;27845601
26-04-24 13:39;51123825;23278227;27845598
26-04-24 13:44;51123825;23278182;27845643
26-04-24 13:49;51123825;23278168;27845657
26-04-24 13:54;51123825;23278170;27845655
26-04-24 13:59;51123825;23278170;27845655
26-04-24 14:04;51123825;23278172;27845653
26-04-24 14:09;51123825;23278172;27845653
26-04-24 14:14;51123825;23278173;27845652
26-04-24 14:19;51123825;23278173;27845652
26-04-24 14:24;51123825;23278177;27845648
26-04-24 14:29;51123825;23278180;27845645
26-04-24 14:34;51123825;23278183;27845642
26-04-24 14:39;51123825;23278229;27845596
26-04-24 14:44;51123825;23278185;27845640
26-04-24 14:49;51123825;23278185;27845640
26-04-24 14:54;51123825;23278187;27845638
26-04-24 14:59;51123825;23278187;27845638
26-04-24 15:04;51123825;23278188;27845637
26-04-24 15:09;51123825;23278188;27845637
26-04-24 15:14;51123825;23278190;27845635
26-04-24 15:19;51123825;23278191;27845634
26-04-24 15:24;51123825;23278195;27845630
26-04-24 15:29;51123825;23278196;27845629
26-04-24 15:34;51123825;23278197;27845628
26-04-24 15:39;51123825;23278184;27845641
26-04-24 15:44;51123825;23278341;27845484
26-04-24 15:49;51123825;23278188;27845637
26-04-24 15:54;51123825;23278343;27845482
26-04-24 15:59;51123825;23278194;27845631
26-04-24 16:04;51123825;23278197;27845628
26-04-24 16:09;51123825;23278197;27845628
26-04-24 16:14;51123825;23278250;27845575
26-04-24 16:19;51123825;23278198;27845627
26-04-24 16:24;51123825;23278200;27845625
26-04-24 16:29;51123825;23278200;27845625
26-04-24 16:34;51123825;23278201;27845624
26-04-24 16:39;51123825;23278201;27845624
26-04-24 16:44;51123825;23278203;27845622
26-04-24 16:49;51123825;23278203;27845622
26-04-24 16:54;51123825;23278205;27845620
26-04-24 16:59;51123825;23278205;27845620
26-04-24 17:04;51123825;23278370;27845455
26-04-24 17:09;51123825;23278211;27845614
26-04-24 17:14;51123825;23278213;27845612
26-04-24 17:19;51123825;23278213;27845612
26-04-24 17:24;51123825;23278215;27845610
26-04-24 17:29;51123825;23278215;27845610
26-04-24 17:34;51123825;23278217;27845608
26-04-24 17:39;51123825;23349983;27773842
26-04-24 17:44;51123825;23238104;27885721
26-04-24 17:49;51123825;22076640;29047185
26-04-24 17:54;51123825;17631503;33492322
26-04-24 17:59;51123825;17631503;33492322
26-04-24 18:04;51123825;17631507;33492318
26-04-24 18:09;51123825;17631539;33492286
26-04-24 18:14;51123825;17440082;33683743
26-04-24 18:19;51123825;17440084;33683741
26-04-24 18:24;51123825;17440085;33683740
26-04-24 18:29;51123825;17895975;33227850
26-04-24 18:34;51123825;17895976;33227849
26-04-24 18:39;51123825;17895977;33227848
26-04-24 18:44;51123825;17869193;33254632
26-04-24 18:49;51123825;17934717;33189108
26-04-24 18:54;51123825;17934719;33189106
26-04-24 18:59;51123825;17934719;33189106
26-04-24 19:04;51123825;17934739;33189086
26-04-24 19:09;51123825;17934721;33189104
26-04-24 19:14;51123825;17934722;33189103
26-04-24 19:19;51123825;17934722;33189103
26-04-24 19:24;51123825;17934724;33189101
26-04-24 19:29;51123825;17934726;33189099
26-04-24 19:34;51123825;17934728;33189097
26-04-24 19:39;51123825;17934728;33189097
26-04-24 19:44;51123825;17934663;33189162
26-04-24 19:49;51123825;17934653;33189172
26-04-24 19:54;51123825;17934655;33189170
26-04-24 19:59;51123825;17870103;33253722
26-04-24 20:04;51123825;17935631;33188194
26-04-24 20:09;51123825;17935658;33188167
26-04-24 20:14;51123825;17935641;33188184
26-04-24 20:19;51123825;17935291;33188534
26-04-24 20:24;51123825;17870059;33253766
26-04-24 20:29;51123825;17935588;33188237
26-04-24 20:34;51123825;17870488;33253337
26-04-24 20:39;51123825;17936043;33187782
26-04-24 20:44;51123825;17936069;33187756
26-04-24 20:49;51123825;17936041;33187784
26-04-24 20:54;51123825;17936062;33187763
26-04-24 20:59;51123825;17936012;33187813
26-04-24 21:04;51123825;17936049;33187776
26-04-24 21:09;51123825;17936014;33187811
26-04-24 21:14;51123825;17936063;33187762
26-04-24 21:19;51123825;17936021;33187804
26-04-24 21:24;51123825;17936038;33187787
26-04-24 21:29;51123825;17936022;33187803
26-04-24 21:34;51123825;17936079;33187746
26-04-24 21:39;51123825;17936024;33187801
26-04-24 21:44;51123825;17936055;33187770
26-04-24 21:49;51123825;17936026;33187799
26-04-24 21:54;51123825;17936055;33187770
26-04-24 21:59;51123825;17936085;33187740
26-04-24 22:04;51123825;17936145;33187680
26-04-24 22:09;51123825;17945430;33178395
26-04-24 22:14;51123825;17945303;33178522
26-04-24 22:19;51123825;17945243;33178582
26-04-24 22:24;51123825;17945253;33178572
26-04-24 22:29;51123825;17945245;33178580
26-04-24 22:34;51123825;17945253;33178572
26-04-24 22:39;51123825;17945246;33178579
26-04-24 22:44;51123825;17945303;33178522
26-04-24 22:49;51123825;17945248;33178577
26-04-24 22:54;51123825;17945254;33178571
26-04-24 22:59;51123825;17945249;33178576
26-04-24 23:04;51123825;17945303;33178522
26-04-24 23:09;51123825;17945252;33178573
26-04-24 23:14;51123825;17945255;33178570
26-04-24 23:19;51123825;17945253;33178572
26-04-24 23:24;51123825;17945319;33178506
26-04-24 23:29;51123825;17947303;33176522
26-04-24 23:34;51123825;17947304;33176521
26-04-24 23:39;51123825;17947304;33176521
26-04-24 23:44;51123825;17947315;33176510
26-04-24 23:49;51123825;17947369;33176456
26-04-24 23:54;51123825;17947205;33176620
26-04-24 23:59;51123825;17947131;33176694
27-04-24 00:04;51123825;17947129;33176696
27-04-24 00:09;51123825;17947133;33176692
27-04-24 00:14;51123825;17947195;33176630
27-04-24 00:19;51123825;17947135;33176690
27-04-24 00:24;51123825;17947137;33176688
27-04-24 00:29;51123825;17947137;33176688
27-04-24 00:34;51123825;17947198;33176627
27-04-24 00:39;51123825;17947139;33176686
27-04-24 00:44;51123825;17947140;33176685
27-04-24 00:49;51123825;17947140;33176685
27-04-24 00:54;51123825;17947141;33176684
27-04-24 00:59;51123825;17947141;33176684
27-04-24 01:04;51123825;17947214;33176611
27-04-24 01:09;51123825;17947162;33176663
27-04-24 01:14;51123825;17947146;33176679
27-04-24 01:19;51123825;17947146;33176679
27-04-24 01:24;51123825;17947214;33176611
27-04-24 01:29;51123825;17947150;33176675
27-04-24 01:34;51123825;17947152;33176673
27-04-24 01:39;51123825;17947152;33176673
27-04-24 01:44;51123825;17947153;33176672
27-04-24 01:49;51123825;17947153;33176672
27-04-24 01:54;51123825;17947211;33176614
27-04-24 01:59;51123825;17947150;33176675
27-04-24 02:04;51123825;17947152;33176673
27-04-24 02:09;51123825;17947157;33176668
27-04-24 02:14;51123825;17947159;33176666
27-04-24 02:19;51123825;17947159;33176666
27-04-24 02:24;51123825;17947175;33176650
27-04-24 02:29;51123825;17947161;33176664
27-04-24 02:34;51123825;17947228;33176597
27-04-24 02:39;51123825;17947164;33176661
27-04-24 02:44;51123825;17947169;33176656
27-04-24 02:49;51123825;17947160;33176665
27-04-24 02:54;51123825;17947166;33176659
27-04-24 02:59;51123825;17947166;33176659
27-04-24 03:04;51123825;17947228;33176597
27-04-24 03:09;51123825;17947168;33176657
27-04-24 03:14;51123825;17947175;33176650
27-04-24 03:19;51123825;17947176;33176649
27-04-24 03:24;51123825;17947229;33176596
27-04-24 03:29;51123825;17947173;33176652
27-04-24 03:34;51123825;17947177;33176648
27-04-24 03:39;51123825;17947174;33176651
27-04-24 03:44;51123825;17947177;33176648
27-04-24 03:49;51123825;17947177;33176648
27-04-24 03:54;51123825;17947178;33176647
27-04-24 03:59;51123825;17947178;33176647
27-04-24 04:04;51123825;17947225;33176600
27-04-24 04:09;51123825;17947180;33176645
27-04-24 04:14;51123825;17943019;33180806
27-04-24 04:19;51123825;17943008;33180817
27-04-24 04:24;51123825;17943009;33180816
27-04-24 04:29;51123825;17946577;33177248
27-04-24 04:34;51123825;17946579;33177246
27-04-24 04:39;51123825;17946579;33177246
27-04-24 04:44;51123825;17946581;33177244
27-04-24 04:49;51123825;17946581;33177244
27-04-24 04:54;51123825;17946582;33177243
27-04-24 04:59;51123825;17946582;33177243
27-04-24 05:04;51123825;17946584;33177241
27-04-24 05:09;51123825;17946584;33177241
27-04-24 05:14;51123825;17946649;33177176
27-04-24 05:19;51123825;17946586;33177239
27-04-24 05:24;51123825;17946588;33177237
27-04-24 05:29;51123825;17946588;33177237
27-04-24 05:34;51123825;17946589;33177236
27-04-24 05:39;51123825;17946589;33177236
27-04-24 05:44;51123825;17946591;33177234
27-04-24 05:49;51123825;17946591;33177234
27-04-24 05:54;51123825;17946593;33177232
27-04-24 05:59;51123825;17946593;33177232
27-04-24 06:04;51123825;17946656;33177169
27-04-24 06:09;51123825;17946595;33177230
27-04-24 06:14;51123825;17946596;33177229
27-04-24 06:19;51123825;17946596;33177229
27-04-24 06:24;51123825;17946599;33177226
27-04-24 06:29;51123825;17948007;33175818
27-04-24 06:34;51123825;17948008;33175817
27-04-24 06:39;51123825;17948003;33175822
27-04-24 06:44;51123825;17948009;33175816
27-04-24 06:49;51123825;17948009;33175816
27-04-24 06:54;51123825;17948012;33175813
27-04-24 06:59;51123825;17948012;33175813
27-04-24 07:04;51123825;17948014;33175811
27-04-24 07:09;51123825;17948014;33175811
27-04-24 07:14;51123825;17948016;33175809
27-04-24 07:19;51123825;17948011;33175814
27-04-24 07:24;51123825;17948017;33175808
27-04-24 07:29;51123825;17948017;33175808
27-04-24 07:34;51123825;17948019;33175806
27-04-24 07:39;51123825;17948014;33175811
27-04-24 07:44;51123825;17948021;33175804
27-04-24 07:49;51123825;17948016;33175809
27-04-24 07:54;51123825;17948022;33175803
27-04-24 07:59;51123825;17948022;33175803
27-04-24 08:04;51123825;17948086;33175739
27-04-24 08:09;51123825;17948025;33175800
27-04-24 08:14;51123825;17948027;33175798
27-04-24 08:19;51123825;17948027;33175798
27-04-24 08:24;51123825;17948029;33175796
27-04-24 08:29;51123825;17948029;33175796
27-04-24 08:34;51123825;17948031;33175794
27-04-24 08:39;51123825;17948031;33175794
27-04-24 08:44;51123825;17948032;33175793
27-04-24 08:49;51123825;17948032;33175793
27-04-24 08:54;51123825;17948029;33175796
27-04-24 08:59;51123825;17948034;33175791
27-04-24 09:04;51123825;17948036;33175789
27-04-24 09:09;51123825;17948036;33175789
27-04-24 09:14;51123825;17948155;33175670
27-04-24 09:19;51123825;17948038;33175787
27-04-24 09:24;51123825;17948039;33175786
27-04-24 09:29;51123825;17948039;33175786
27-04-24 09:34;51123825;17948041;33175784
27-04-24 09:39;51123825;17948041;33175784
27-04-24 09:44;51123825;17948043;33175782
27-04-24 09:49;51123825;17948044;33175781
27-04-24 09:54;51123825;17948045;33175780
27-04-24 09:59;51123825;17948045;33175780
27-04-24 10:04;51123825;17948047;33175778
27-04-24 10:09;51123825;17948047;33175778
27-04-24 10:14;51123825;17948049;33175776
27-04-24 10:19;51123825;17948049;33175776
27-04-24 10:24;51123825;17948051;33175774
27-04-24 10:29;51123825;17948051;33175774
27-04-24 10:34;51123825;17948166;33175659
27-04-24 10:39;51123825;17652153;33471672
27-04-24 10:44;51123825;17652158;33471667
27-04-24 10:49;51123825;17652156;33471669
27-04-24 10:54;51123825;17652159;33471666
27-04-24 10:59;51123825;17652285;33471540
27-04-24 11:04;51123825;17652282;33471543
27-04-24 11:09;51123825;17652172;33471653
27-04-24 11:14;51123825;17652175;33471650
27-04-24 11:19;51123825;17652175;33471650
27-04-24 11:24;51123825;17652177;33471648
27-04-24 11:29;51123825;17652177;33471648
27-04-24 11:34;51123825;17652179;33471646
27-04-24 11:39;51123825;17652180;33471645
27-04-24 11:44;51123825;17652181;33471644
27-04-24 11:49;51123825;17652176;33471649
27-04-24 11:54;51123825;17652184;33471641
27-04-24 11:59;51123825;17652184;33471641
27-04-24 12:04;51123825;17652186;33471639
27-04-24 12:09;51123825;17592088;33531737
27-04-24 12:14;51123825;17657612;33466213
27-04-24 12:19;51123825;17593318;33530507
27-04-24 12:24;51123825;17658847;33464978
27-04-24 12:29;51123825;17594504;33529321
27-04-24 12:34;51123825;17660032;33463793
27-04-24 12:39;51123825;17595653;33528172
27-04-24 12:44;51123825;17661185;33462640
27-04-24 12:49;51123825;17596861;33526964
27-04-24 12:54;51123825;17662388;33461437
27-04-24 12:59;51123825;17662388;33461437
27-04-24 13:04;51123825;17662431;33461394
27-04-24 13:09;51123825;17662390;33461435
27-04-24 13:14;51123825;17662391;33461434
27-04-24 13:19;51123825;17662397;33461428
27-04-24 13:24;51123825;17662394;33461431
27-04-24 13:29;51123825;17662394;33461431
27-04-24 13:34;51123825;17662396;33461429
27-04-24 13:39;51123825;17662396;33461429
27-04-24 13:44;51123825;17662397;33461428
27-04-24 13:49;51123825;17662397;33461428
27-04-24 13:54;51123825;17662398;33461427
27-04-24 13:59;51123825;17662398;33461427
27-04-24 14:04;51123825;17662401;33461424
27-04-24 14:09;51123825;17662401;33461424
27-04-24 14:14;51123825;17662411;33461414
27-04-24 14:19;51123825;17662403;33461422
27-04-24 14:24;51123825;17662404;33461421
27-04-24 14:29;51123825;17662404;33461421
27-04-24 14:34;51123825;17662406;33461419
27-04-24 14:39;51123825;17662406;33461419
27-04-24 14:44;51123825;17662408;33461417
27-04-24 14:49;51123825;17662408;33461417
27-04-24 14:54;51123825;17662454;33461371
27-04-24 14:59;51123825;17662409;33461416
27-04-24 15:04;51123825;17662413;33461412
27-04-24 15:09;51123825;17662413;33461412
27-04-24 15:14;51123825;17662414;33461411
27-04-24 15:19;51123825;17662414;33461411
27-04-24 15:24;51123825;17662415;33461410
27-04-24 15:29;51123825;17662415;33461410
27-04-24 15:34;51123825;17662418;33461407
27-04-24 15:39;51123825;17662418;33461407
27-04-24 15:44;51123825;17662419;33461406
27-04-24 15:49;51123825;17662419;33461406
27-04-24 15:54;51123825;17662421;33461404
27-04-24 15:59;51123825;17662421;33461404
27-04-24 16:04;51123825;17662422;33461403
27-04-24 16:09;51123825;17662422;33461403
27-04-24 16:14;51123825;17662477;33461348
27-04-24 16:19;51123825;17662425;33461400
27-04-24 16:24;51123825;17662431;33461394
27-04-24 16:29;51123825;17662426;33461399
27-04-24 16:34;51123825;17662427;33461398
27-04-24 16:39;51123825;17662427;33461398
27-04-24 16:44;51123825;17662430;33461395
27-04-24 16:49;51123825;17662430;33461395
27-04-24 16:54;51123825;17662431;33461394
27-04-24 16:59;51123825;17662431;33461394
27-04-24 17:04;51123825;17662433;33461392
27-04-24 17:09;51123825;17662433;33461392
27-04-24 17:14;51123825;17662435;33461390
27-04-24 17:19;51123825;17662435;33461390
27-04-24 17:24;51123825;17662438;33461387
27-04-24 17:29;51123825;17662438;33461387
27-04-24 17:34;51123825;17662439;33461386
27-04-24 17:39;51123825;17662439;33461386
27-04-24 17:44;51123825;17662441;33461384
27-04-24 17:49;51123825;17662441;33461384
27-04-24 17:54;51123825;17662443;33461382
27-04-24 17:59;51123825;17662443;33461382
27-04-24 18:04;51123825;17662444;33461381
27-04-24 18:09;51123825;17662444;33461381
27-04-24 18:14;51123825;17662446;33461379
27-04-24 18:19;51123825;17662446;33461379
27-04-24 18:24;51123825;17662448;33461377
27-04-24 18:29;51123825;17662448;33461377
27-04-24 18:34;51123825;17662450;33461375
27-04-24 18:39;51123825;17662450;33461375
27-04-24 18:44;51123825;17662451;33461374
27-04-24 18:49;51123825;17662451;33461374
27-04-24 18:54;51123825;17662453;33461372
27-04-24 18:59;51123825;17662453;33461372
27-04-24 19:04;51123825;17662455;33461370
27-04-24 19:09;51123825;17662456;33461369
27-04-24 19:14;51123825;17662477;33461348
27-04-24 19:19;51123825;17662457;33461368
27-04-24 19:24;51123825;17662460;33461365
27-04-24 19:29;51123825;17662476;33461349
27-04-24 19:34;51123825;17662463;33461362
27-04-24 19:39;51123825;17662463;33461362
27-04-24 19:44;51123825;17660414;33463411
27-04-24 19:49;51123825;17660414;33463411
27-04-24 19:54;51123825;17660417;33463408
27-04-24 19:59;51123825;17660417;33463408
27-04-24 20:04;51123825;17660418;33463407
27-04-24 20:09;51123825;17660419;33463406
27-04-24 20:14;51123825;17660420;33463405
27-04-24 20:19;51123825;17660415;33463410
27-04-24 20:24;51123825;17660421;33463404
27-04-24 20:29;51123825;17660421;33463404
27-04-24 20:34;51123825;17660424;33463401
27-04-24 20:39;51123825;17660424;33463401
27-04-24 20:44;51123825;17660425;33463400
27-04-24 20:49;51123825;17660425;33463400
27-04-24 20:54;51123825;17660426;33463399
27-04-24 20:59;51123825;17660426;33463399
27-04-24 21:04;51123825;17660429;33463396
27-04-24 21:09;51123825;17631466;33492359
27-04-24 21:14;51123825;17762527;33361298
27-04-24 21:19;51123825;17632631;33491194
27-04-24 21:24;51123825;17763696;33360129
27-04-24 21:29;51123825;17763696;33360129
27-04-24 21:34;51123825;17763703;33360122
27-04-24 21:39;51123825;17763698;33360127
27-04-24 21:44;51123825;17763704;33360121
27-04-24 21:49;51123825;17763700;33360125
27-04-24 21:54;51123825;17763704;33360121
27-04-24 21:59;51123825;17763701;33360124
27-04-24 22:04;51123825;17763705;33360120
27-04-24 22:09;51123825;17763704;33360121
27-04-24 22:14;51123825;17763717;33360108
27-04-24 22:19;51123825;17763706;33360119
27-04-24 22:24;51123825;17769610;33354215
27-04-24 22:29;51123825;17769595;33354230
27-04-24 22:34;51123825;17769611;33354214
27-04-24 22:39;51123825;17769597;33354228
27-04-24 22:44;51123825;17769611;33354214
27-04-24 22:49;51123825;17769599;33354226
27-04-24 22:54;51123825;17769612;33354213
27-04-24 22:59;51123825;17769601;33354224
27-04-24 23:04;51123825;17769612;33354213
27-04-24 23:09;51123825;17769602;33354223
27-04-24 23:14;51123825;17769613;33354212
27-04-24 23:19;51123825;17769605;33354220
27-04-24 23:24;51123825;17769629;33354196
27-04-24 23:29;51123825;17769601;33354224
27-04-24 23:34;51123825;17769613;33354212
27-04-24 23:39;51123825;17769607;33354218
27-04-24 23:44;51123825;17769614;33354211
27-04-24 23:49;51123825;17769610;33354215
27-04-24 23:54;51123825;17769438;33354387
27-04-24 23:59;51123825;17769435;33354390
28-04-24 00:04;51123825;17769438;33354387
28-04-24 00:09;51123825;17769444;33354381
28-04-24 00:14;51123825;17773191;33350634
28-04-24 00:19;51123825;17773191;33350634
28-04-24 00:24;51123825;17773192;33350633
28-04-24 00:29;51123825;17773192;33350633
28-04-24 00:34;51123825;17773195;33350630
28-04-24 00:39;51123825;17773195;33350630
28-04-24 00:44;51123825;17773196;33350629
28-04-24 00:49;51123825;17773196;33350629
28-04-24 00:54;51123825;17781677;33342148
28-04-24 00:59;51123825;17781677;33342148
28-04-24 01:04;51123825;17782831;33340994
28-04-24 01:09;51123825;17782851;33340974
28-04-24 01:14;51123825;17784034;33339791
28-04-24 01:19;51123825;17784034;33339791
28-04-24 01:24;51123825;17785203;33338622
28-04-24 01:29;51123825;17785203;33338622
28-04-24 01:34;51123825;17786405;33337420
28-04-24 01:39;51123825;17786405;33337420
28-04-24 01:44;51123825;17787574;33336251
28-04-24 01:49;51123825;17787574;33336251
28-04-24 01:54;51123825;17788727;33335098
28-04-24 01:59;51123825;17788727;33335098
28-04-24 02:04;51123825;17789911;33333914
28-04-24 02:09;51123825;17789882;33333943
28-04-24 02:14;51123825;17791065;33332760
28-04-24 02:19;51123825;17791051;33332774
28-04-24 02:24;51123825;17792218;33331607
28-04-24 02:29;51123825;17792224;33331601
28-04-24 02:34;51123825;17793327;33330498
28-04-24 02:39;51123825;17793327;33330498
28-04-24 02:44;51123825;17794481;33329344
28-04-24 02:49;51123825;17794481;33329344
28-04-24 02:54;51123825;17794504;33329321
28-04-24 02:59;51123825;17794483;33329342
28-04-24 03:04;51123825;17794496;33329329
28-04-24 03:09;51123825;17794485;33329340
28-04-24 03:14;51123825;17794493;33329332
28-04-24 03:19;51123825;17794486;33329339
28-04-24 03:24;51123825;17794493;33329332
28-04-24 03:29;51123825;17799081;33324744
28-04-24 03:34;51123825;17799084;33324741
28-04-24 03:39;51123825;17799084;33324741
28-04-24 03:44;51123825;17799085;33324740
28-04-24 03:49;51123825;17799085;33324740
28-04-24 03:54;51123825;17799086;33324739
28-04-24 03:59;51123825;17799086;33324739
28-04-24 04:04;51123825;17799089;33324736
28-04-24 04:09;51123825;17799089;33324736
28-04-24 04:14;51123825;17799090;33324735
28-04-24 04:19;51123825;17799090;33324735
28-04-24 04:24;51123825;17799092;33324733
28-04-24 04:29;51123825;17799092;33324733
28-04-24 04:34;51123825;17799093;33324732
28-04-24 04:39;51123825;17799093;33324732
28-04-24 04:44;51123825;17799097;33324728
28-04-24 04:49;51123825;17799097;33324728
28-04-24 04:54;51123825;17799098;33324727
28-04-24 04:59;51123825;17799098;33324727
28-04-24 05:04;51123825;17799106;33324719
28-04-24 05:09;51123825;17799100;33324725
28-04-24 05:14;51123825;17799096;33324729
28-04-24 05:19;51123825;17799101;33324724
28-04-24 05:24;51123825;17799102;33324723
28-04-24 05:29;51123825;17799102;33324723
28-04-24 05:34;51123825;17799105;33324720
28-04-24 05:39;51123825;17799105;33324720
28-04-24 05:44;51123825;17803186;33320639
28-04-24 05:49;51123825;17798866;33324959
28-04-24 05:54;51123825;17798867;33324958
28-04-24 05:59;51123825;17798867;33324958
28-04-24 06:04;51123825;17798873;33324952
28-04-24 06:09;51123825;17798869;33324956
28-04-24 06:14;51123825;17941722;33182103
28-04-24 06:19;51123825;17941722;33182103
28-04-24 06:24;51123825;17941723;33182102
28-04-24 06:29;51123825;17941723;33182102
28-04-24 06:34;51123825;17941724;33182101
28-04-24 06:39;51123825;17941724;33182101
28-04-24 06:44;51123825;17941726;33182099
28-04-24 06:49;51123825;17941726;33182099
28-04-24 06:54;51123825;17941729;33182096
28-04-24 06:59;51123825;17941729;33182096
28-04-24 07:04;51123825;17941732;33182093
28-04-24 07:09;51123825;17941731;33182094
28-04-24 07:14;51123825;17941732;33182093
28-04-24 07:19;51123825;17941732;33182093
28-04-24 07:24;51123825;17941733;33182092
28-04-24 07:29;51123825;17941733;33182092
28-04-24 07:34;51123825;17941736;33182089
28-04-24 07:39;51123825;17941736;33182089
28-04-24 07:44;51123825;17941737;33182088
28-04-24 07:49;51123825;17941737;33182088
28-04-24 07:54;51123825;17941739;33182086
28-04-24 07:59;51123825;17941739;33182086
28-04-24 08:04;51123825;17941740;33182085
28-04-24 08:09;51123825;17941740;33182085
28-04-24 08:14;51123825;17941743;33182082
28-04-24 08:19;51123825;17941743;33182082
28-04-24 08:24;51123825;17941744;33182081
28-04-24 08:29;51123825;17941739;33182086
28-04-24 08:34;51123825;17941745;33182080
28-04-24 08:39;51123825;17941745;33182080
28-04-24 08:44;51123825;17941747;33182078
28-04-24 08:49;51123825;17941747;33182078
28-04-24 08:54;51123825;17941748;33182077
28-04-24 08:59;51123825;17941748;33182077
28-04-24 09:04;51123825;17941751;33182074
28-04-24 09:09;51123825;17941751;33182074
28-04-24 09:14;51123825;17941752;33182073
28-04-24 09:19;51123825;17941752;33182073
28-04-24 09:24;51123825;17941754;33182071
28-04-24 09:29;51123825;17941754;33182071
28-04-24 09:34;51123825;17941755;33182070
28-04-24 09:39;51123825;17941755;33182070
28-04-24 09:44;51123825;17941757;33182068
28-04-24 09:49;51123825;17941757;33182068
28-04-24 09:54;51123825;17941759;33182066
28-04-24 09:59;51123825;17941759;33182066
28-04-24 10:04;51123825;17941760;33182065
28-04-24 10:09;51123825;17941760;33182065
28-04-24 10:14;51123825;17941762;33182063
28-04-24 10:19;51123825;17941762;33182063
28-04-24 10:24;51123825;17954532;33169293
28-04-24 10:29;51123825;17954532;33169293
28-04-24 10:34;51123825;17954533;33169292
28-04-24 10:39;51123825;17954533;33169292
28-04-24 10:44;51123825;17954535;33169290
28-04-24 10:49;51123825;17954535;33169290
28-04-24 10:54;51123825;17954536;33169289
28-04-24 10:59;51123825;17954536;33169289
28-04-24 11:04;51123825;17954540;33169285
28-04-24 11:09;51123825;17954540;33169285
28-04-24 11:14;51123825;17954541;33169284
28-04-24 11:19;51123825;17954541;33169284
28-04-24 11:24;51123825;17954543;33169282
28-04-24 11:29;51123825;17954543;33169282
28-04-24 11:34;51123825;17954544;33169281
28-04-24 11:39;51123825;17954544;33169281
28-04-24 11:44;51123825;17954545;33169280
28-04-24 11:49;51123825;17954545;33169280
28-04-24 11:54;51123825;17954548;33169277
28-04-24 11:59;51123825;17954548;33169277
28-04-24 12:04;51123825;17954549;33169276
28-04-24 12:09;51123825;17699505;33424320
28-04-24 12:14;51123825;17961639;33162186
28-04-24 12:19;51123825;17700664;33423161
28-04-24 12:24;51123825;17962844;33160981
28-04-24 12:29;51123825;17701875;33421950
28-04-24 12:34;51123825;17964013;33159812
28-04-24 12:39;51123825;17964013;33159812
28-04-24 12:44;51123825;17965198;33158627
28-04-24 12:49;51123825;17965198;33158627
28-04-24 12:54;51123825;17966367;33157458
28-04-24 12:59;51123825;17966367;33157458
28-04-24 13:04;51123825;17966369;33157456
28-04-24 13:09;51123825;17966369;33157456
28-04-24 13:14;51123825;17966366;33157459
28-04-24 13:19;51123825;17966371;33157454
28-04-24 13:24;51123825;17966373;33157452
28-04-24 13:29;51123825;17966373;33157452
28-04-24 13:34;51123825;17966374;33157451
28-04-24 13:39;51123825;17966374;33157451
28-04-24 13:44;51123825;17966375;33157450
28-04-24 13:49;51123825;17966375;33157450
28-04-24 13:54;51123825;17966378;33157447
28-04-24 13:59;51123825;17966378;33157447
28-04-24 14:04;51123825;17966385;33157440
28-04-24 14:09;51123825;17966380;33157445
28-04-24 14:14;51123825;17966386;33157439
28-04-24 14:19;51123825;17966381;33157444
28-04-24 14:24;51123825;17975995;33147830
28-04-24 14:29;51123825;17974942;33148883
28-04-24 14:34;51123825;17976081;33147744
28-04-24 14:39;51123825;17976081;33147744
28-04-24 14:44;51123825;17978255;33145570
28-04-24 14:49;51123825;17977202;33146623
28-04-24 14:54;51123825;17979392;33144433
28-04-24 14:59;51123825;17978339;33145486
28-04-24 15:04;51123825;17978341;33145484
28-04-24 15:09;51123825;17978371;33145454
28-04-24 15:14;51123825;17978342;33145483
28-04-24 15:19;51123825;17978342;33145483
28-04-24 15:24;51123825;17978345;33145480
28-04-24 15:29;51123825;17978345;33145480
28-04-24 15:34;51123825;17978346;33145479
28-04-24 15:39;51123825;17978346;33145479
28-04-24 15:44;51123825;17978348;33145477
28-04-24 15:49;51123825;17978348;33145477
28-04-24 15:54;51123825;17978349;33145476
28-04-24 15:59;51123825;17978349;33145476
28-04-24 16:04;51123825;17978353;33145472
28-04-24 16:09;51123825;17978353;33145472
28-04-24 16:14;51123825;17978354;33145471
28-04-24 16:19;51123825;17978354;33145471
28-04-24 16:24;51123825;17978355;33145470
28-04-24 16:29;51123825;17978355;33145470
28-04-24 16:34;51123825;17978357;33145468
28-04-24 16:39;51123825;17978357;33145468
28-04-24 16:44;51123825;17989908;33133917
28-04-24 16:49;51123825;17988855;33134970
28-04-24 16:54;51123825;17988856;33134969
28-04-24 16:59;51123825;17988856;33134969
28-04-24 17:04;51123825;17988858;33134967
28-04-24 17:09;51123825;17988858;33134967
28-04-24 17:14;51123825;17988911;33134914
28-04-24 17:19;51123825;17988860;33134965
28-04-24 17:24;51123825;17988862;33134963
28-04-24 17:29;51123825;17988862;33134963
28-04-24 17:34;51123825;17988863;33134962
28-04-24 17:39;51123825;17988863;33134962
28-04-24 17:44;51123825;17988865;33134960
28-04-24 17:49;51123825;17988865;33134960
28-04-24 17:54;51123825;17988866;33134959
28-04-24 17:59;51123825;17988866;33134959
28-04-24 18:04;51123825;17988869;33134956
28-04-24 18:09;51123825;17988869;33134956
28-04-24 18:14;51123825;17988890;33134935
28-04-24 18:19;51123825;17988870;33134955
28-04-24 18:24;51123825;17998197;33125628
28-04-24 18:29;51123825;17997144;33126681
28-04-24 18:34;51123825;17999318;33124507
28-04-24 18:39;51123825;17998265;33125560
28-04-24 18:44;51123825;18000407;33123418
28-04-24 18:49;51123825;17999354;33124471
28-04-24 18:54;51123825;17999357;33124468
28-04-24 18:59;51123825;17999359;33124466
28-04-24 19:04;51123825;17999360;33124465
28-04-24 19:09;51123825;17999360;33124465
28-04-24 19:14;51123825;17999363;33124462
28-04-24 19:19;51123825;17999363;33124462
28-04-24 19:24;51123825;17999364;33124461
28-04-24 19:29;51123825;17999364;33124461
28-04-24 19:34;51123825;17999367;33124458
28-04-24 19:39;51123825;17999367;33124458
28-04-24 19:44;51123825;17999368;33124457
28-04-24 19:49;51123825;17999368;33124457
28-04-24 19:54;51123825;17999369;33124456
28-04-24 19:59;51123825;17999369;33124456
28-04-24 20:04;51123825;17999372;33124453
28-04-24 20:09;51123825;17999372;33124453
28-04-24 20:14;51123825;17999374;33124451
28-04-24 20:19;51123825;17999374;33124451
28-04-24 20:24;51123825;17999376;33124449
28-04-24 20:29;51123825;17999376;33124449
28-04-24 20:34;51123825;17999377;33124448
28-04-24 20:39;51123825;17999377;33124448
28-04-24 20:44;51123825;17999378;33124447
28-04-24 20:49;51123825;17999378;33124447
28-04-24 20:54;51123825;17999381;33124444
28-04-24 20:59;51123825;17999381;33124444
28-04-24 21:04;51123825;17999396;33124429
28-04-24 21:09;51123825;17999383;33124442
28-04-24 21:14;51123825;17748528;33375297
28-04-24 21:19;51123825;18010664;33113161
28-04-24 21:24;51123825;17749700;33374125
28-04-24 21:29;51123825;18011833;33111992
28-04-24 21:34;51123825;18011836;33111989
28-04-24 21:39;51123825;18011837;33111988
28-04-24 21:44;51123825;18011839;33111986
28-04-24 21:49;51123825;18011839;33111986
28-04-24 21:54;51123825;18011840;33111985
28-04-24 21:59;51123825;18011840;33111985
28-04-24 22:04;51123825;18011842;33111983
28-04-24 22:09;51123825;18011842;33111983
28-04-24 22:14;51123825;18011843;33111982
28-04-24 22:19;51123825;18011843;33111982
28-04-24 22:24;51123825;18011976;33111849
28-04-24 22:29;51123825;18011846;33111979
28-04-24 22:34;51123825;18011966;33111859
28-04-24 22:39;51123825;18011847;33111978
28-04-24 22:44;51123825;18011976;33111849
28-04-24 22:49;51123825;18011852;33111973
28-04-24 22:54;51123825;18011968;33111857
28-04-24 22:59;51123825;18011851;33111974
28-04-24 23:04;51123825;18012003;33111822
28-04-24 23:09;51123825;18011854;33111971
28-04-24 23:14;51123825;18011969;33111856
28-04-24 23:19;51123825;18011855;33111970
28-04-24 23:24;51123825;18011969;33111856
28-04-24 23:29;51123825;18011856;33111969
28-04-24 23:34;51123825;18011977;33111848
28-04-24 23:39;51123825;18011858;33111967
28-04-24 23:44;51123825;18011986;33111839
28-04-24 23:49;51123825;18011860;33111965
28-04-24 23:54;51123825;18011806;33112019
28-04-24 23:59;51123825;18011675;33112150
29-04-24 00:04;51123825;18011672;33112153
29-04-24 00:09;51123825;18011677;33112148
29-04-24 00:14;51123825;18011685;33112140
29-04-24 00:19;51123825;18011680;33112145
29-04-24 00:24;51123825;18011681;33112144
29-04-24 00:29;51123825;18011681;33112144
29-04-24 00:34;51123825;18011688;33112137
29-04-24 00:39;51123825;18011684;33112141
29-04-24 00:44;51123825;18011685;33112140
29-04-24 00:49;51123825;18011685;33112140
29-04-24 00:54;51123825;18011686;33112139
29-04-24 00:59;51123825;18011686;33112139
29-04-24 01:04;51123825;18011691;33112134
29-04-24 01:09;51123825;18011688;33112137
29-04-24 01:14;51123825;18011690;33112135
29-04-24 01:19;51123825;18011694;33112131
29-04-24 01:24;51123825;18011695;33112130
29-04-24 01:29;51123825;18011688;33112137
29-04-24 01:34;51123825;18011694;33112131
29-04-24 01:39;51123825;18011694;33112131
29-04-24 01:44;51123825;18011697;33112128
29-04-24 01:49;51123825;18011691;33112134
29-04-24 01:54;51123825;18011697;33112128
29-04-24 01:59;51123825;18011697;33112128
29-04-24 02:04;51123825;18011700;33112125
29-04-24 02:09;51123825;18011700;33112125
29-04-24 02:14;51123825;18011731;33112094
29-04-24 02:19;51123825;18011701;33112124
29-04-24 02:24;51123825;18011702;33112123
29-04-24 02:29;51123825;18011702;33112123
29-04-24 02:34;51123825;18011747;33112078
29-04-24 02:39;51123825;18011704;33112121
29-04-24 02:44;51123825;18011716;33112109
29-04-24 02:49;51123825;18011706;33112119
29-04-24 02:54;51123825;18011731;33112094
29-04-24 02:59;51123825;18011708;33112117
29-04-24 03:04;51123825;18011709;33112116
29-04-24 03:09;51123825;18011709;33112116
29-04-24 03:14;51123825;18011732;33112093
29-04-24 03:19;51123825;18011712;33112113
29-04-24 03:24;51123825;18011714;33112111
29-04-24 03:29;51123825;18011714;33112111
29-04-24 03:34;51123825;18011715;33112110
29-04-24 03:39;51123825;18011715;33112110
29-04-24 03:44;51123825;18011717;33112108
29-04-24 03:49;51123825;18011717;33112108
29-04-24 03:54;51123825;18011718;33112107
29-04-24 03:59;51123825;18011718;33112107
29-04-24 04:04;51123825;18011733;33112092
29-04-24 04:09;51123825;18011722;33112103
29-04-24 04:14;51123825;18011723;33112102
29-04-24 04:19;51123825;18011723;33112102
29-04-24 04:24;51123825;18011725;33112100
29-04-24 04:29;51123825;18011725;33112100
29-04-24 04:34;51123825;18011726;33112099
29-04-24 04:39;51123825;18011726;33112099
29-04-24 04:44;51123825;18011728;33112097
29-04-24 04:49;51123825;18011728;33112097
29-04-24 04:54;51123825;17739988;33383837
29-04-24 04:59;51123825;17740378;33383447
29-04-24 05:04;51123825;17740375;33383450
29-04-24 05:09;51123825;17740519;33383306
29-04-24 05:14;51123825;17740521;33383304
29-04-24 05:19;51123825;17740521;33383304
29-04-24 05:24;51123825;17741034;33382791
29-04-24 05:29;51123825;17741034;33382791
29-04-24 05:34;51123825;17741036;33382789
29-04-24 05:39;51123825;17741036;33382789
29-04-24 05:44;51123825;17741040;33382785
29-04-24 05:49;51123825;17741040;33382785
29-04-24 05:54;51123825;17741041;33382784
29-04-24 05:59;51123825;17741041;33382784
29-04-24 06:04;51123825;17742073;33381752
29-04-24 06:09;51123825;17742067;33381758
29-04-24 06:14;51123825;17742119;33381706
29-04-24 06:19;51123825;17742069;33381756
29-04-24 06:24;51123825;17742066;33381759
29-04-24 06:29;51123825;17742071;33381754
29-04-24 06:34;51123825;17742072;33381753
29-04-24 06:39;51123825;17742072;33381753
29-04-24 06:44;51123825;17742073;33381752
29-04-24 06:49;51123825;17742073;33381752
29-04-24 06:54;51123825;17742076;33381749
29-04-24 06:59;51123825;17744124;33379701
29-04-24 07:04;51123825;17744125;33379700
29-04-24 07:09;51123825;17744125;33379700
29-04-24 07:14;51123825;17744122;33379703
29-04-24 07:19;51123825;17744127;33379698
29-04-24 07:24;51123825;17744128;33379697
29-04-24 07:29;51123825;17744128;33379697
29-04-24 07:34;51123825;17744131;33379694
29-04-24 07:39;51123825;17744131;33379694
29-04-24 07:44;51123825;17744132;33379693
29-04-24 07:49;51123825;17744132;33379693
29-04-24 07:54;51123825;17744133;33379692
29-04-24 07:59;51123825;17744133;33379692
29-04-24 08:04;51123825;17744135;33379690
29-04-24 08:09;51123825;17744135;33379690
29-04-24 08:14;51123825;17744132;33379693
29-04-24 08:19;51123825;17744137;33379688
29-04-24 08:24;51123825;17744140;33379685
29-04-24 08:29;51123825;17744140;33379685
29-04-24 08:34;51123825;17744141;33379684
29-04-24 08:39;51123825;17744141;33379684
29-04-24 08:44;51123825;17748239;33375586
29-04-24 08:49;51123825;17748239;33375586
29-04-24 08:54;51123825;17748240;33375585
29-04-24 08:59;51123825;17748240;33375585
29-04-24 09:04;51123825;17748258;33375567
29-04-24 09:09;51123825;17748244;33375581
29-04-24 09:14;51123825;17748245;33375580
29-04-24 09:19;51123825;17748245;33375580
29-04-24 09:24;51123825;17746006;33377819
29-04-24 09:29;51123825;17746107;33377718
29-04-24 09:34;51123825;17746104;33377721
29-04-24 09:39;51123825;17746104;33377721
29-04-24 09:44;51123825;17746106;33377719
29-04-24 09:49;51123825;17746106;33377719
29-04-24 09:54;51123825;17746107;33377718
29-04-24 09:59;51123825;17748155;33375670
29-04-24 10:04;51123825;17748157;33375668
29-04-24 10:09;51123825;17748157;33375668
29-04-24 10:14;51123825;17748159;33375666
29-04-24 10:19;51123825;17748159;33375666
29-04-24 10:24;51123825;17748161;33375664
29-04-24 10:29;51123825;17748161;33375664
29-04-24 10:34;51123825;17748162;33375663
29-04-24 10:39;51123825;17748162;33375663
29-04-24 10:44;51123825;17748164;33375661
29-04-24 10:49;51123825;17748164;33375661
29-04-24 10:54;51123825;17748165;33375660
29-04-24 10:59;51123825;17748165;33375660
29-04-24 11:04;51123825;17752263;33371562
29-04-24 11:09;51123825;17752264;33371561
29-04-24 11:14;51123825;17752265;33371560
29-04-24 11:19;51123825;17752265;33371560
29-04-24 11:24;51123825;17752266;33371559
29-04-24 11:29;51123825;17751952;33371873
29-04-24 11:34;51123825;17751983;33371842
29-04-24 11:39;51123825;17751950;33371875
29-04-24 11:44;51123825;17751952;33371873
29-04-24 11:49;51123825;17751952;33371873
29-04-24 11:54;51123825;17751958;33371867
29-04-24 11:59;51123825;17757046;33366779
29-04-24 12:04;51123825;17748979;33374846
29-04-24 12:09;51123825;17748984;33374841
29-04-24 12:14;51123825;17749113;33374712
29-04-24 12:19;51123825;17749113;33374712
29-04-24 12:24;51123825;17749370;33374455
29-04-24 12:29;51123825;17749370;33374455
29-04-24 12:34;51123825;17749375;33374450
29-04-24 12:39;51123825;17749502;33374323
29-04-24 12:44;51123825;17749378;33374447
29-04-24 12:49;51123825;17749891;33373934
29-04-24 12:54;51123825;17749889;33373936
29-04-24 12:59;51123825;17749894;33373931
29-04-24 13:04;51123825;17749890;33373935
29-04-24 13:09;51123825;17749895;33373930
29-04-24 13:14;51123825;17750634;33373191
29-04-24 13:19;51123825;17750634;33373191
29-04-24 13:24;51123825;17750635;33373190
29-04-24 13:29;51123825;17750635;33373190
29-04-24 13:34;51123825;17750636;33373189
29-04-24 13:39;51123825;17750636;33373189
29-04-24 13:44;51123825;17750633;33373192
29-04-24 13:49;51123825;17750638;33373187
29-04-24 13:54;51123825;17750640;33373185
29-04-24 13:59;51123825;17752096;33371729
29-04-24 14:04;51123825;17752098;33371727
29-04-24 14:09;51123825;17752098;33371727
29-04-24 14:14;51123825;17752094;33371731
29-04-24 14:19;51123825;17752099;33371726
29-04-24 14:24;51123825;17752101;33371724
29-04-24 14:29;51123825;17752101;33371724
29-04-24 14:34;51123825;17752098;33371727
29-04-24 14:39;51123825;17752116;33371709
29-04-24 14:44;51123825;17752107;33371718
29-04-24 14:49;51123825;17752098;33371727
29-04-24 14:54;51123825;17752100;33371725
29-04-24 14:59;51123825;17752095;33371730
29-04-24 15:04;51123825;17752227;33371598
29-04-24 15:09;51123825;17752238;33371587
29-04-24 15:14;51123825;17752118;33371707
29-04-24 15:19;51123825;17752118;33371707
29-04-24 15:24;51123825;17752120;33371705
29-04-24 15:29;51123825;17752120;33371705
29-04-24 15:34;51123825;17752122;33371703
29-04-24 15:39;51123825;17752123;33371702
29-04-24 15:44;51123825;17752124;33371701
29-04-24 15:49;51123825;17755228;33368597
29-04-24 15:54;51123825;17755229;33368596
29-04-24 15:59;51123825;17755230;33368595
29-04-24 16:04;51123825;17755263;33368562
29-04-24 16:09;51123825;17755234;33368591
29-04-24 16:14;51123825;17755235;33368590
29-04-24 16:19;51123825;17755235;33368590
29-04-24 16:24;51123825;17755353;33368472
29-04-24 16:29;51123825;17755237;33368588
29-04-24 16:34;51123825;17755703;33368122
29-04-24 16:39;51123825;17755703;33368122
29-04-24 16:44;51123825;17755700;33368125
29-04-24 16:49;51123825;17755706;33368119
29-04-24 16:54;51123825;17755708;33368117
29-04-24 16:59;51123825;17755708;33368117
29-04-24 17:04;51123825;17755710;33368115
29-04-24 17:09;51123825;17756062;33367763
29-04-24 17:14;51123825;17756065;33367760
29-04-24 17:19;51123825;17756065;33367760
29-04-24 17:24;51123825;17756062;33367763
29-04-24 17:29;51123825;17756067;33367758
29-04-24 17:34;51123825;17756069;33367756
29-04-24 17:39;51123825;17756069;33367756
29-04-24 17:44;51123825;17756073;33367752
29-04-24 17:49;51123825;17756073;33367752
29-04-24 17:54;51123825;17756074;33367751
29-04-24 17:59;51123825;17756074;33367751
29-04-24 18:04;51123825;17756134;33367691
29-04-24 18:09;51123825;17756077;33367748
29-04-24 18:14;51123825;17756079;33367746
29-04-24 18:19;51123825;17756079;33367746
29-04-24 18:24;51123825;17756075;33367750
29-04-24 18:29;51123825;17756864;33366961
29-04-24 18:34;51123825;17756860;33366965
29-04-24 18:39;51123825;17756865;33366960
29-04-24 18:44;51123825;17756862;33366963
29-04-24 18:49;51123825;17756862;33366963
29-04-24 18:54;51123825;17756869;33366956
29-04-24 18:59;51123825;17756872;33366953
29-04-24 19:04;51123825;17756926;33366899
29-04-24 19:09;51123825;17756874;33366951
29-04-24 19:14;51123825;17756875;33366950
29-04-24 19:19;51123825;17756875;33366950
29-04-24 19:24;51123825;17756876;33366949
29-04-24 19:29;51123825;17756871;33366954
29-04-24 19:34;51123825;17756879;33366946
29-04-24 19:39;51123825;17756874;33366951
29-04-24 19:44;51123825;17756880;33366945
29-04-24 19:49;51123825;17761597;33362228
29-04-24 19:54;51123825;17761599;33362226
29-04-24 19:59;51123825;17761594;33362231
29-04-24 20:04;51123825;17761600;33362225
29-04-24 20:09;51123825;17761600;33362225
29-04-24 20:14;51123825;17761598;33362227
29-04-24 20:19;51123825;17761598;33362227
29-04-24 20:24;51123825;17754267;33369558
29-04-24 20:29;51123825;17754260;33369565
29-04-24 20:34;51123825;17754261;33369564
29-04-24 20:39;51123825;17754256;33369569
29-04-24 20:44;51123825;17754263;33369562
29-04-24 20:49;51123825;17754263;33369562
29-04-24 20:54;51123825;17754265;33369560
29-04-24 20:59;51123825;17754265;33369560
29-04-24 21:04;51123825;17754324;33369501
29-04-24 21:09;51123825;17754269;33369556
29-04-24 21:14;51123825;17754265;33369560
29-04-24 21:19;51123825;17755295;33368530
29-04-24 21:24;51123825;17755297;33368528
29-04-24 21:29;51123825;17755297;33368528
29-04-24 21:34;51123825;17755298;33368527
29-04-24 21:39;51123825;17755298;33368527
29-04-24 21:44;51123825;17755300;33368525
29-04-24 21:49;51123825;17755300;33368525
29-04-24 21:54;51123825;17755302;33368523
29-04-24 21:59;51123825;17755302;33368523
29-04-24 22:04;51123825;17755303;33368522
29-04-24 22:09;51123825;17755303;33368522
29-04-24 22:14;51123825;17756886;33366939
29-04-24 22:19;51123825;17756873;33366952
29-04-24 22:24;51123825;17754922;33368903
29-04-24 22:29;51123825;17754977;33368848
29-04-24 22:34;51123825;17757021;33366804
29-04-24 22:39;51123825;17757021;33366804
29-04-24 22:44;51123825;17757023;33366802
29-04-24 22:49;51123825;17757023;33366802
29-04-24 22:54;51123825;17755225;33368600
29-04-24 22:59;51123825;17757264;33366561
29-04-24 23:04;51123825;17757279;33366546
29-04-24 23:09;51123825;17757276;33366549
29-04-24 23:14;51123825;17757270;33366555
29-04-24 23:19;51123825;17757268;33366557
29-04-24 23:24;51123825;17757279;33366546
29-04-24 23:29;51123825;17757270;33366555
29-04-24 23:34;51123825;17757271;33366554
29-04-24 23:39;51123825;17757271;33366554
29-04-24 23:44;51123825;17757303;33366522
29-04-24 23:49;51123825;17757274;33366551
29-04-24 23:54;51123825;17756819;33367006
29-04-24 23:59;51123825;17756783;33367042
30-04-24 00:04;51123825;17756792;33367033
30-04-24 00:09;51123825;17756786;33367039
30-04-24 00:14;51123825;17756787;33367038
30-04-24 00:19;51123825;17756787;33367038
30-04-24 00:24;51123825;17756794;33367031
30-04-24 00:29;51123825;17756789;33367036
30-04-24 00:34;51123825;17756791;33367034
30-04-24 00:39;51123825;17756791;33367034
30-04-24 00:44;51123825;17756792;33367033
30-04-24 00:49;51123825;17756792;33367033
30-04-24 00:54;51123825;17756799;33367026
30-04-24 00:59;51123825;17756795;33367030
30-04-24 01:04;51123825;17756791;33367034
30-04-24 01:09;51123825;17756796;33367029
30-04-24 01:14;51123825;17756857;33366968
30-04-24 01:19;51123825;17756802;33367023
30-04-24 01:24;51123825;17756803;33367022
30-04-24 01:29;51123825;17756800;33367025
30-04-24 01:34;51123825;17756801;33367024
30-04-24 01:39;51123825;17756801;33367024
30-04-24 01:44;51123825;17760453;33363372
30-04-24 01:49;51123825;17760451;33363374
30-04-24 01:54;51123825;17760548;33363277
30-04-24 01:59;51123825;17760548;33363277
30-04-24 02:04;51123825;17760551;33363274
30-04-24 02:09;51123825;17760550;33363275
30-04-24 02:14;51123825;17760551;33363274
30-04-24 02:19;51123825;17760551;33363274
30-04-24 02:24;51123825;17760553;33363272
30-04-24 02:29;51123825;17760553;33363272
30-04-24 02:34;51123825;17760569;33363256
30-04-24 02:39;51123825;17760554;33363271
30-04-24 02:44;51123825;17760569;33363256
30-04-24 02:49;51123825;17760555;33363270
30-04-24 02:54;51123825;17760601;33363224
30-04-24 02:59;51123825;17760557;33363268
30-04-24 03:04;51123825;17765323;33358502
30-04-24 03:09;51123825;17765294;33358531
30-04-24 03:14;51123825;17765298;33358527
30-04-24 03:19;51123825;17765298;33358527
30-04-24 03:24;51123825;17765300;33358525
30-04-24 03:29;51123825;17765300;33358525
30-04-24 03:34;51123825;17765302;33358523
30-04-24 03:39;51123825;17765302;33358523
30-04-24 03:44;51123825;17765303;33358522
30-04-24 03:49;51123825;17758039;33365786
30-04-24 03:54;51123825;17758040;33365785
30-04-24 03:59;51123825;17758040;33365785
30-04-24 04:04;51123825;17758042;33365783
30-04-24 04:09;51123825;17758042;33365783
30-04-24 04:14;51123825;17758043;33365782
30-04-24 04:19;51123825;17758043;33365782
30-04-24 04:24;51123825;17758045;33365780
30-04-24 04:29;51123825;17758045;33365780
30-04-24 04:34;51123825;17758046;33365779
30-04-24 04:39;51123825;17758046;33365779
30-04-24 04:44;51123825;17759071;33364754
30-04-24 04:49;51123825;17759071;33364754
30-04-24 04:54;51123825;17759154;33364671
30-04-24 04:59;51123825;17759154;33364671
30-04-24 05:04;51123825;17759155;33364670
30-04-24 05:09;51123825;17759165;33364660
30-04-24 05:14;51123825;17759157;33364668
30-04-24 05:19;51123825;17759157;33364668
30-04-24 05:24;51123825;17759159;33364666
30-04-24 05:29;51123825;17759159;33364666
30-04-24 05:34;51123825;17759161;33364664
30-04-24 05:39;51123825;17759161;33364664
30-04-24 05:44;51123825;17759162;33364663
30-04-24 05:49;51123825;17759162;33364663
30-04-24 05:54;51123825;17759163;33364662
30-04-24 05:59;51123825;17759163;33364662
30-04-24 06:04;51123825;17759172;33364653
30-04-24 06:09;51123825;17759165;33364660
30-04-24 06:14;51123825;17759166;33364659
30-04-24 06:19;51123825;17759166;33364659
30-04-24 06:24;51123825;17759168;33364657
30-04-24 06:29;51123825;17759168;33364657
30-04-24 06:34;51123825;17759169;33364656
30-04-24 06:39;51123825;17761217;33362608
30-04-24 06:44;51123825;17761219;33362606
30-04-24 06:49;51123825;17761219;33362606
30-04-24 06:54;51123825;17761220;33362605
30-04-24 06:59;51123825;17763460;33360365
30-04-24 07:04;51123825;17763466;33360359
30-04-24 07:09;51123825;17763517;33360308
30-04-24 07:14;51123825;17763457;33360368
30-04-24 07:19;51123825;17763457;33360368
30-04-24 07:24;51123825;17763458;33360367
30-04-24 07:29;51123825;17763458;33360367
30-04-24 07:34;51123825;17763460;33360365
30-04-24 07:39;51123825;17763460;33360365
30-04-24 07:44;51123825;17763462;33360363
30-04-24 07:49;51123825;17763462;33360363
30-04-24 07:54;51123825;17763463;33360362
30-04-24 07:59;51123825;17763463;33360362
30-04-24 08:04;51123825;17763465;33360360
30-04-24 08:09;51123825;17763465;33360360
30-04-24 08:14;51123825;17763467;33360358
30-04-24 08:19;51123825;17764203;33359622
30-04-24 08:24;51123825;17764204;33359621
30-04-24 08:29;51123825;17764204;33359621
30-04-24 08:34;51123825;17764206;33359619
30-04-24 08:39;51123825;17764206;33359619
30-04-24 08:44;51123825;17764208;33359617
30-04-24 08:49;51123825;17764208;33359617
30-04-24 08:54;51123825;17764209;33359616
30-04-24 08:59;51123825;17764209;33359616
30-04-24 09:04;51123825;17764211;33359614
30-04-24 09:09;51123825;17764211;33359614
30-04-24 09:14;51123825;17764212;33359613
30-04-24 09:19;51123825;17764212;33359613
30-04-24 09:24;51123825;17764213;33359612
30-04-24 09:29;51123825;17764213;33359612
30-04-24 09:34;51123825;17764215;33359610
30-04-24 09:39;51123825;17764215;33359610
30-04-24 09:44;51123825;17764216;33359609
30-04-24 09:49;51123825;17764216;33359609
30-04-24 09:54;51123825;17764218;33359607
30-04-24 09:59;51123825;17764218;33359607
30-04-24 10:04;51123825;17764219;33359606
30-04-24 10:09;51123825;17764219;33359606
30-04-24 10:14;51123825;17764221;33359604
30-04-24 10:19;51123825;17764221;33359604
30-04-24 10:24;51123825;17764222;33359603
30-04-24 10:29;51123825;17764224;33359601
30-04-24 10:34;51123825;17769602;33354223
30-04-24 10:39;51123825;17769603;33354222
30-04-24 10:44;51123825;17769543;33354282
30-04-24 10:49;51123825;17769545;33354280
30-04-24 10:54;51123825;17769546;33354279
30-04-24 10:59;51123825;17769546;33354279
30-04-24 11:04;51123825;17769548;33354277
30-04-24 11:09;51123825;17769553;33354272
30-04-24 11:14;51123825;17769551;33354274
30-04-24 11:19;51123825;17769551;33354274
30-04-24 11:24;51123825;17769553;33354272
30-04-24 11:29;51123825;17769554;33354271
30-04-24 11:34;51123825;17769555;33354270
30-04-24 11:39;51123825;17769555;33354270
30-04-24 11:44;51123825;17769558;33354267
30-04-24 11:49;51123825;17769558;33354267
30-04-24 11:54;51123825;17769560;33354265
30-04-24 11:59;51123825;17770376;33353449
30-04-24 12:04;51123825;17770378;33353447
30-04-24 12:09;51123825;17770378;33353447
30-04-24 12:14;51123825;17770380;33353445
30-04-24 12:19;51123825;17770380;33353445
30-04-24 12:24;51123825;17770381;33353444
30-04-24 12:29;51123825;17770381;33353444
30-04-24 12:34;51123825;17770382;33353443
30-04-24 12:39;51123825;17770382;33353443
30-04-24 12:44;51123825;17770784;33353041
30-04-24 12:49;51123825;17770784;33353041
30-04-24 12:54;51123825;17770785;33353040
30-04-24 12:59;51123825;17770785;33353040
30-04-24 13:04;51123825;17770787;33353038
30-04-24 13:09;51123825;17770787;33353038
30-04-24 13:14;51123825;17770788;33353037
30-04-24 13:19;51123825;17770788;33353037
30-04-24 13:24;51123825;17770785;33353040
30-04-24 13:29;51123825;17770790;33353035
30-04-24 13:34;51123825;17770791;33353034
30-04-24 13:39;51123825;17770792;33353033
30-04-24 13:44;51123825;17771353;33352472
30-04-24 13:49;51123825;17771348;33352477
30-04-24 13:54;51123825;17771355;33352470
30-04-24 13:59;51123825;17771355;33352470
30-04-24 14:04;51123825;17771649;33352176
30-04-24 14:09;51123825;17771880;33351945
30-04-24 14:14;51123825;17771830;33351995
30-04-24 14:19;51123825;17771830;33351995
30-04-24 14:24;51123825;17771968;33351857
30-04-24 14:29;51123825;17771977;33351848
30-04-24 14:34;51123825;17771966;33351859
30-04-24 14:39;51123825;17771967;33351858
30-04-24 14:44;51123825;17771968;33351857
30-04-24 14:49;51123825;17771968;33351857
30-04-24 14:54;51123825;17771969;33351856
30-04-24 14:59;51123825;17771969;33351856
30-04-24 15:04;51123825;17772016;33351809
30-04-24 15:09;51123825;17772405;33351420
30-04-24 15:14;51123825;17772407;33351418
30-04-24 15:19;51123825;17772402;33351423
30-04-24 15:24;51123825;17772404;33351421
30-04-24 15:29;51123825;17772410;33351415
30-04-24 15:34;51123825;17772411;33351414
30-04-24 15:39;51123825;17772411;33351414
30-04-24 15:44;51123825;17772414;33351411
30-04-24 15:49;51123825;17772409;33351416
30-04-24 15:54;51123825;17772415;33351410
30-04-24 15:59;51123825;17772415;33351410
30-04-24 16:04;51123825;17772418;33351407
30-04-24 16:09;51123825;17772413;33351412
30-04-24 16:14;51123825;17772419;33351406
30-04-24 16:19;51123825;17772419;33351406
30-04-24 16:24;51123825;17772420;33351405
30-04-24 16:29;51123825;17772415;33351410
30-04-24 16:34;51123825;17772422;33351403
30-04-24 16:39;51123825;17766102;33357723
30-04-24 16:44;51123825;17766105;33357720
30-04-24 16:49;51123825;17766185;33357640
30-04-24 16:54;51123825;17766186;33357639
30-04-24 16:59;51123825;17766186;33357639
30-04-24 17:04;51123825;17766188;33357637
30-04-24 17:09;51123825;17766188;33357637
30-04-24 17:14;51123825;17766189;33357636
30-04-24 17:19;51123825;17766190;33357635
30-04-24 17:24;51123825;17766191;33357634
30-04-24 17:29;51123825;17766196;33357629
30-04-24 17:34;51123825;17766192;33357633
30-04-24 17:39;51123825;17766192;33357633
30-04-24 17:44;51123825;17766194;33357631
30-04-24 17:49;51123825;17766194;33357631
30-04-24 17:54;51123825;17766195;33357630
30-04-24 17:59;51123825;17766195;33357630
30-04-24 18:04;51123825;17766198;33357627
30-04-24 18:09;51123825;17766198;33357627
30-04-24 18:14;51123825;17766199;33357626
30-04-24 18:19;51123825;17766202;33357623
30-04-24 18:24;51123825;17766204;33357621
30-04-24 18:29;51123825;17766204;33357621
30-04-24 18:34;51123825;17766205;33357620
30-04-24 18:39;51123825;17768253;33355572
30-04-24 18:44;51123825;17768254;33355571
30-04-24 18:49;51123825;17768254;33355571
30-04-24 18:54;51123825;17768256;33355569
30-04-24 18:59;51123825;17768256;33355569
30-04-24 19:04;51123825;17768257;33355568
30-04-24 19:09;51123825;17768257;33355568
30-04-24 19:14;51123825;17768259;33355566
30-04-24 19:19;51123825;17768259;33355566
30-04-24 19:24;51123825;17768293;33355532
30-04-24 19:29;51123825;17768262;33355563
30-04-24 19:34;51123825;17768263;33355562
30-04-24 19:39;51123825;17770887;33352938
30-04-24 19:44;51123825;17770889;33352936
30-04-24 19:49;51123825;17770889;33352936
30-04-24 19:54;51123825;17770890;33352935
30-04-24 19:59;51123825;17770890;33352935
30-04-24 20:04;51123825;17770893;33352932
30-04-24 20:09;51123825;17770899;33352926
30-04-24 20:14;51123825;17770898;33352927
30-04-24 20:19;51123825;17771251;33352574
30-04-24 20:24;51123825;17771253;33352572
30-04-24 20:29;51123825;17771365;33352460
30-04-24 20:34;51123825;17771366;33352459
30-04-24 20:39;51123825;17771366;33352459
30-04-24 20:44;51123825;17771367;33352458
30-04-24 20:49;51123825;17771543;33352282
30-04-24 20:54;51123825;17771545;33352280
30-04-24 20:59;51123825;17771545;33352280
30-04-24 21:04;51123825;17771547;33352278
30-04-24 21:09;51123825;17771548;33352277
30-04-24 21:14;51123825;17771549;33352276
30-04-24 21:19;51123825;17771584;33352241
30-04-24 21:24;51123825;17771580;33352245
30-04-24 21:29;51123825;17771553;33352272
30-04-24 21:34;51123825;17771555;33352270
30-04-24 21:39;51123825;17771555;33352270
30-04-24 21:44;51123825;17771556;33352269
30-04-24 21:49;51123825;17771556;33352269
30-04-24 21:54;51123825;17771557;33352268
30-04-24 21:59;51123825;17771557;33352268
30-04-24 22:04;51123825;17771559;33352266
30-04-24 22:09;51123825;17771560;33352265
30-04-24 22:14;51123825;17771561;33352264
30-04-24 22:19;51123825;17771562;33352263
30-04-24 22:24;51123825;17771564;33352261
30-04-24 22:29;51123825;17776641;33347184
30-04-24 22:34;51123825;17776605;33347220
30-04-24 22:39;51123825;17776605;33347220
30-04-24 22:44;51123825;17776607;33347218
30-04-24 22:49;51123825;17776607;33347218
30-04-24 22:54;51123825;17776869;33346956
30-04-24 22:59;51123825;17776832;33346993
30-04-24 23:04;51123825;17776951;33346874
30-04-24 23:09;51123825;17776914;33346911
30-04-24 23:14;51123825;17776915;33346910
30-04-24 23:19;51123825;17776915;33346910
30-04-24 23:24;51123825;17776916;33346909
30-04-24 23:29;51123825;17776916;33346909
30-04-24 23:34;51123825;17776958;33346867
30-04-24 23:39;51123825;17776918;33346907
30-04-24 23:44;51123825;17776948;33346877
30-04-24 23:49;51123825;17776919;33346906
30-04-24 23:54;51123825;17776756;33347069
30-04-24 23:59;51123825;17777151;33346674
01-05-24 00:04;51123825;17771900;33351925
01-05-24 00:09;51123825;17771892;33351933
01-05-24 00:14;51123825;17771893;33351932
01-05-24 00:19;51123825;17771893;33351932
01-05-24 00:24;51123825;17772142;33351683
01-05-24 00:29;51123825;17772135;33351690
01-05-24 00:34;51123825;17775886;33347939
01-05-24 00:39;51123825;17775886;33347939
01-05-24 00:44;51123825;17775894;33347931
01-05-24 00:49;51123825;17775888;33347937
01-05-24 00:54;51123825;17775889;33347936
01-05-24 00:59;51123825;17775889;33347936
01-05-24 01:04;51123825;17777260;33346565
01-05-24 01:09;51123825;17777245;33346580
01-05-24 01:14;51123825;17777246;33346579
01-05-24 01:19;51123825;17777246;33346579
01-05-24 01:24;51123825;17777252;33346573
01-05-24 01:29;51123825;17777243;33346582
01-05-24 01:34;51123825;17777249;33346576
01-05-24 01:39;51123825;17777249;33346576
01-05-24 01:44;51123825;17777250;33346575
01-05-24 01:49;51123825;17777250;33346575
01-05-24 01:54;51123825;17777255;33346570
01-05-24 01:59;51123825;17777252;33346573
01-05-24 02:04;51123825;17777314;33346511
01-05-24 02:09;51123825;17777254;33346571
01-05-24 02:14;51123825;17777258;33346567
01-05-24 02:20;51123825;17777256;33346569
01-05-24 02:25;51123825;17778329;33345496
01-05-24 02:30;51123825;17778332;33345493
01-05-24 02:35;51123825;17778327;33345498
01-05-24 02:40;51123825;17778332;33345493
01-05-24 02:45;51123825;17778329;33345496
01-05-24 02:50;51123825;17778334;33345491
01-05-24 02:55;51123825;17770938;33352887
01-05-24 03:00;51123825;17771007;33352818
01-05-24 03:05;51123825;17771009;33352816
01-05-24 03:10;51123825;17771009;33352816
01-05-24 03:15;51123825;17771010;33352815
01-05-24 03:20;51123825;17771698;33352127
01-05-24 03:25;51123825;17771700;33352125
01-05-24 03:30;51123825;17771700;33352125
01-05-24 03:35;51123825;17771701;33352124
01-05-24 03:40;51123825;17771697;33352128
01-05-24 03:45;51123825;17771703;33352122
01-05-24 03:50;51123825;17771703;33352122
01-05-24 03:55;51123825;17771705;33352120
01-05-24 04:00;51123825;17771705;33352120
01-05-24 04:05;51123825;17771702;33352123
01-05-24 04:10;51123825;17771727;33352098
01-05-24 04:15;51123825;17771709;33352116
01-05-24 04:20;51123825;17771704;33352121
01-05-24 04:25;51123825;17771705;33352120
01-05-24 04:30;51123825;17771705;33352120
01-05-24 04:35;51123825;17771712;33352113
01-05-24 04:40;51123825;17771709;33352116
01-05-24 04:45;51123825;17771710;33352115
01-05-24 04:50;51123825;17771705;33352120
01-05-24 04:55;51123825;17771711;33352114
01-05-24 05:00;51123825;17771711;33352114
01-05-24 05:05;51123825;17771724;33352101
01-05-24 05:10;51123825;17773798;33350027
01-05-24 05:15;51123825;17773757;33350068
01-05-24 05:20;51123825;17773842;33349983
01-05-24 05:25;51123825;17773845;33349980
01-05-24 05:30;51123825;17773863;33349962
01-05-24 05:35;51123825;17773846;33349979
01-05-24 05:40;51123825;17773878;33349947
01-05-24 05:45;51123825;17773848;33349977
01-05-24 05:50;51123825;17773864;33349961
01-05-24 05:55;51123825;17773849;33349976
01-05-24 06:00;51123825;17773864;33349961
01-05-24 06:05;51123825;17773850;33349975
01-05-24 06:10;51123825;17773873;33349952
01-05-24 06:15;51123825;17773852;33349973
01-05-24 06:20;51123825;17773852;33349973
01-05-24 06:25;51123825;17773853;33349972
01-05-24 06:30;51123825;17773878;33349947
01-05-24 06:35;51123825;17773855;33349970
01-05-24 06:40;51123825;17773855;33349970
01-05-24 06:45;51123825;17773856;33349969
01-05-24 06:50;51123825;17773856;33349969
01-05-24 06:55;51123825;17773857;33349968
01-05-24 07:00;51123825;17773857;33349968
01-05-24 07:05;51123825;17773866;33349959
01-05-24 07:10;51123825;17773860;33349965
01-05-24 07:15;51123825;17773918;33349907
01-05-24 07:20;51123825;17773869;33349956
01-05-24 07:25;51123825;17773863;33349962
01-05-24 07:30;51123825;17777079;33346746
01-05-24 07:35;51123825;17777080;33346745
01-05-24 07:40;51123825;17777076;33346749
01-05-24 07:45;51123825;17777083;33346742
01-05-24 07:50;51123825;17777084;33346741
01-05-24 07:55;51123825;17777085;33346740
