DATE_TIME;TOTAL_RAM_VALUE;USED_RAM_VALUE;USED_RAM_PERCENT;final
23-04-24 09:17;4046680;278148;6,87;7
23-04-24 09:22;4046680;277048;6,85;7
23-04-24 09:27;4046680;276752;6,84;7
23-04-24 09:32;4046680;276312;6,83;7
23-04-24 09:37;4046680;284188;7,02;7
23-04-24 09:42;4046680;283932;7,02;7
23-04-24 09:47;4046680;291532;7,2;7
23-04-24 09:52;4046680;291184;7,2;7
23-04-24 09:57;4046680;290656;7,18;7
23-04-24 10:02;4046680;248008;6,13;6
23-04-24 10:07;4046680;337044;8,33;8
23-04-24 10:12;4046680;335184;8,28;8
23-04-24 10:17;4046680;341460;8,44;8
23-04-24 10:22;4046680;386612;9,55;10
23-04-24 10:27;4046680;441364;10,91;11
23-04-24 10:32;4046680;446552;11,04;11
23-04-24 10:37;4046680;445836;11,02;11
23-04-24 10:42;4046680;423112;10,46;10
23-04-24 10:47;4046680;413884;10,23;10
23-04-24 10:52;4046680;401832;9,93;10
23-04-24 10:57;4046680;401336;9,92;10
23-04-24 11:02;4046680;377204;9,32;9
23-04-24 11:07;4046680;402096;9,94;10
23-04-24 11:12;4046680;405072;10,01;10
23-04-24 11:17;4046680;417716;10,32;10
23-04-24 11:22;4046680;409300;10,11;10
23-04-24 11:27;4046680;408556;10,1;10
23-04-24 11:32;4046680;408184;10,09;10
23-04-24 11:37;4046680;399008;9,86;10
23-04-24 11:42;4046680;387764;9,58;10
23-04-24 11:47;4046680;375240;9,27;9
23-04-24 11:52;4046680;374604;9,26;9
23-04-24 11:57;4046680;374000;9,24;9
23-04-24 12:02;4046680;340796;8,42;8
23-04-24 12:07;4046680;335208;8,28;8
23-04-24 12:12;4046680;325892;8,05;8
23-04-24 12:17;4046680;339380;8,39;8
23-04-24 12:22;4046680;339256;8,38;8
23-04-24 12:27;4046680;339652;8,39;8
23-04-24 12:32;4046680;335388;8,29;8
23-04-24 12:37;4046680;334496;8,27;8
23-04-24 12:42;4046680;325740;8,05;8
23-04-24 12:47;4046680;325492;8,04;8
23-04-24 12:52;4046680;299824;7,41;7
23-04-24 12:57;4046680;342108;8,45;8
23-04-24 13:02;4046680;326512;8,07;8
23-04-24 13:07;4046680;370992;9,17;9
23-04-24 13:12;4046680;393732;9,73;10
23-04-24 13:17;4046680;397700;9,83;10
23-04-24 13:22;4046680;404644;10;10
23-04-24 13:27;4046680;404768;10;10
23-04-24 13:32;4046680;397056;9,81;10
23-04-24 13:37;4046680;396460;9,8;10
23-04-24 13:42;4046680;384308;9,5;10
23-04-24 13:47;4046680;392560;9,7;10
23-04-24 13:52;4046680;392188;9,69;10
23-04-24 13:57;4046680;381028;9,42;9
23-04-24 14:02;4046680;378228;9,35;9
23-04-24 14:07;4046680;379244;9,37;9
23-04-24 14:12;4046680;361240;8,93;9
23-04-24 14:17;4046680;373556;9,23;9
23-04-24 14:22;4046680;347696;8,59;9
23-04-24 14:27;4046680;313044;7,74;8
23-04-24 14:32;4046680;312548;7,72;8
23-04-24 14:37;4046680;347228;8,58;9
23-04-24 14:42;4046680;346232;8,56;9
23-04-24 14:47;4046680;346052;8,55;9
23-04-24 14:52;4046680;337316;8,34;8
23-04-24 14:57;4046680;337056;8,33;8
23-04-24 15:02;4046680;320592;7,92;8
23-04-24 15:07;4046680;297920;7,36;7
23-04-24 15:12;4046680;402992;9,96;10
23-04-24 15:17;4046680;394436;9,75;10
23-04-24 15:22;4046680;385500;9,53;10
23-04-24 15:27;4046680;386080;9,54;10
23-04-24 15:32;4046680;415896;10,28;10
23-04-24 15:37;4046680;415772;10,27;10
23-04-24 15:42;4046680;415260;10,26;10
23-04-24 15:47;4046680;408232;10,09;10
23-04-24 15:52;4046680;404504;10;10
23-04-24 15:57;4046680;412656;10,2;10
23-04-24 16:02;4046680;396316;9,79;10
23-04-24 16:07;4046680;410680;10,15;10
23-04-24 16:12;4046680;423436;10,46;10
23-04-24 16:17;4046680;464064;11,47;11
23-04-24 16:22;4046680;450004;11,12;11
23-04-24 16:27;4046680;413564;10,22;10
23-04-24 16:32;4046680;404264;9,99;10
23-04-24 16:37;4046680;396452;9,8;10
23-04-24 16:42;4046680;395584;9,78;10
23-04-24 16:47;4046680;395088;9,76;10
23-04-24 16:52;4046680;425840;10,52;11
23-04-24 16:57;4046680;425840;10,52;11
23-04-24 17:02;4046680;409376;10,12;10
23-04-24 17:07;4046680;400820;9,9;10
23-04-24 17:12;4046680;399720;9,88;10
23-04-24 17:17;4046680;404744;10;10
23-04-24 17:22;4046680;412820;10,2;10
23-04-24 17:27;4046680;413712;10,22;10
23-04-24 17:32;4046680;404016;9,98;10
23-04-24 17:37;4046680;403520;9,97;10
23-04-24 17:42;4046680;402776;9,95;10
23-04-24 17:47;4046680;394964;9,76;10
23-04-24 17:52;4046680;410696;10,15;10
23-04-24 17:57;4046680;448548;11,08;11
23-04-24 18:02;4046680;408400;10,09;10
23-04-24 18:07;4046680;420632;10,39;10
23-04-24 18:12;4046680;396808;9,81;10
23-04-24 18:17;4046680;396744;9,8;10
23-04-24 18:22;4046680;389120;9,62;10
23-04-24 18:27;4046680;388376;9,6;10
23-04-24 18:32;4046680;388392;9,6;10
23-04-24 18:37;4046680;380440;9,4;9
23-04-24 18:42;4046680;371388;9,18;9
23-04-24 18:47;4046680;371140;9,17;9
23-04-24 18:52;4046680;369652;9,13;9
23-04-24 18:57;4046680;369280;9,13;9
23-04-24 19:02;4046680;352816;8,72;9
23-04-24 19:07;4046680;342672;8,47;8
23-04-24 19:12;4046680;331488;8,19;8
23-04-24 19:17;4046680;341464;8,44;8
23-04-24 19:22;4046680;341008;8,43;8
23-04-24 19:27;4046680;341132;8,43;8
23-04-24 19:32;4046680;373976;9,24;9
23-04-24 19:37;4046680;373868;9,24;9
23-04-24 19:42;4046680;372192;9,2;9
23-04-24 19:47;4046680;372380;9,2;9
23-04-24 19:52;4046680;372132;9,2;9
23-04-24 19:57;4046680;362956;8,97;9
23-04-24 20:02;4046680;340912;8,42;8
23-04-24 20:07;4046680;341876;8,45;8
23-04-24 20:12;4046680;354472;8,76;9
23-04-24 20:17;4046680;354248;8,75;9
23-04-24 20:22;4046680;345816;8,55;9
23-04-24 20:27;4046680;337260;8,33;8
23-04-24 20:32;4046680;336888;8,33;8
23-04-24 20:37;4046680;338872;8,37;8
23-04-24 20:42;4046680;338252;8,36;8
23-04-24 20:47;4046680;331332;8,19;8
23-04-24 20:52;4046680;329464;8,14;8
23-04-24 20:57;4046680;329144;8,13;8
23-04-24 21:02;4046680;312704;7,73;8
23-04-24 21:07;4046680;313000;7,73;8
23-04-24 21:12;4046680;304304;7,52;8
23-04-24 21:17;4046680;433696;10,72;11
23-04-24 21:22;4046680;434092;10,73;11
23-04-24 21:27;4046680;434092;10,73;11
23-04-24 21:32;4046680;433208;10,71;11
23-04-24 21:37;4046680;433472;10,71;11
23-04-24 21:42;4046680;424984;10,5;11
23-04-24 21:47;4046680;424420;10,49;10
23-04-24 21:52;4046680;424156;10,48;10
23-04-24 21:57;4046680;424172;10,48;10
23-04-24 22:02;4046680;407860;10,08;10
23-04-24 22:07;4046680;412536;10,19;10
23-04-24 22:12;4046680;428968;10,6;11
23-04-24 22:17;4046680;428720;10,59;11
23-04-24 22:22;4046680;428844;10,6;11
23-04-24 22:27;4046680;429564;10,62;11
23-04-24 22:32;4046680;420204;10,38;10
23-04-24 22:37;4046680;411524;10,17;10
23-04-24 22:42;4046680;411040;10,16;10
23-04-24 22:47;4046680;411060;10,16;10
23-04-24 22:52;4046680;411308;10,16;10
23-04-24 22:57;4046680;410688;10,15;10
23-04-24 23:02;4046680;403028;9,96;10
23-04-24 23:07;4046680;415788;10,27;10
23-04-24 23:12;4046680;415896;10,28;10
23-04-24 23:17;4046680;415400;10,27;10
23-04-24 23:22;4046680;415460;10,27;10
23-04-24 23:27;4046680;407092;10,06;10
23-04-24 23:32;4046680;406720;10,05;10
23-04-24 23:37;4046680;402272;9,94;10
23-04-24 23:42;4046680;440704;10,89;11
23-04-24 23:47;4046680;436752;10,79;11
23-04-24 23:52;4046680;419748;10,37;10
23-04-24 23:57;4046680;491376;12,14;12
24-04-24 00:02;4046680;475060;11,74;12
24-04-24 00:07;4046680;475728;11,76;12
24-04-24 00:12;4046680;465844;11,51;12
24-04-24 00:17;4046680;479512;11,85;12
24-04-24 00:22;4046680;479264;11,84;12
24-04-24 00:27;4046680;452632;11,19;11
24-04-24 00:32;4046680;439860;10,87;11
24-04-24 00:37;4046680;442020;10,92;11
24-04-24 00:42;4046680;434032;10,73;11
24-04-24 00:47;4046680;450152;11,12;11
24-04-24 00:52;4046680;449460;11,11;11
24-04-24 00:57;4046680;449284;11,1;11
24-04-24 01:02;4046680;432804;10,7;11
24-04-24 01:07;4046680;424440;10,49;10
24-04-24 01:12;4046680;438124;10,83;11
24-04-24 01:17;4046680;437876;10,82;11
24-04-24 01:22;4046680;437380;10,81;11
24-04-24 01:27;4046680;437736;10,82;11
24-04-24 01:32;4046680;428948;10,6;11
24-04-24 01:37;4046680;427688;10,57;11
24-04-24 01:42;4046680;444944;11;11
24-04-24 01:47;4046680;446160;11,03;11
24-04-24 01:52;4046680;444456;10,98;11
24-04-24 01:57;4046680;444456;10,98;11
24-04-24 02:02;4046680;419660;10,37;10
24-04-24 02:07;4046680;418792;10,35;10
24-04-24 02:12;4046680;418792;10,35;10
24-04-24 02:17;4046680;432420;10,69;11
24-04-24 02:22;4046680;432092;10,68;11
24-04-24 02:27;4046680;423412;10,46;10
24-04-24 02:32;4046680;440216;10,88;11
24-04-24 02:37;4046680;439720;10,87;11
24-04-24 02:42;4046680;439224;10,85;11
24-04-24 02:47;4046680;439596;10,86;11
24-04-24 02:52;4046680;439224;10,85;11
24-04-24 02:57;4046680;430296;10,63;11
24-04-24 03:02;4046680;413808;10,23;10
24-04-24 03:07;4046680;427924;10,57;11
24-04-24 03:12;4046680;427692;10,57;11
24-04-24 03:17;4046680;427320;10,56;11
24-04-24 03:22;4046680;418516;10,34;10
24-04-24 03:27;4046680;436372;10,78;11
24-04-24 03:32;4046680;434456;10,74;11
24-04-24 03:37;4046680;434248;10,73;11
24-04-24 03:42;4046680;433892;10,72;11
24-04-24 03:47;4046680;425584;10,52;11
24-04-24 03:52;4046680;409392;10,12;10
24-04-24 03:57;4046680;409392;10,12;10
24-04-24 04:02;4046680;393300;9,72;10
24-04-24 04:07;4046680;392680;9,7;10
24-04-24 04:12;4046680;384000;9,49;9
24-04-24 04:17;4046680;413732;10,22;10
24-04-24 04:22;4046680;413236;10,21;10
24-04-24 04:27;4046680;412492;10,19;10
24-04-24 04:32;4046680;412552;10,19;10
24-04-24 04:37;4046680;413112;10,21;10
24-04-24 04:42;4046680;404804;10;10
24-04-24 04:47;4046680;403936;9,98;10
24-04-24 04:52;4046680;404200;9,99;10
24-04-24 04:57;4046680;403440;9,97;10
24-04-24 05:02;4046680;387472;9,58;10
24-04-24 05:07;4046680;393288;9,72;10
24-04-24 05:12;4046680;407772;10,08;10
24-04-24 05:17;4046680;407632;10,07;10
24-04-24 05:22;4046680;407648;10,07;10
24-04-24 05:27;4046680;407400;10,07;10
24-04-24 05:32;4046680;399340;9,87;10
24-04-24 05:37;4046680;396984;9,81;10
24-04-24 05:42;4046680;396516;9,8;10
24-04-24 05:47;4046680;396224;9,79;10
24-04-24 05:52;4046680;388528;9,6;10
24-04-24 05:57;4046680;388428;9,6;10
24-04-24 06:02;4046680;364400;9;9
24-04-24 06:07;4046680;393320;9,72;10
24-04-24 06:12;4046680;392824;9,71;10
24-04-24 06:17;4046680;392432;9,7;10
24-04-24 06:22;4046680;392080;9,69;10
24-04-24 06:27;4046680;383756;9,48;9
24-04-24 06:33;4046680;383648;9,48;9
24-04-24 06:38;4046680;379372;9,37;9
24-04-24 06:43;4046680;378688;9,36;9
24-04-24 06:48;4046680;379956;9,39;9
24-04-24 06:53;4046680;370472;9,15;9
24-04-24 06:58;4046680;386996;9,56;10
24-04-24 07:03;4046680;370328;9,15;9
24-04-24 07:08;4046680;369664;9,13;9
24-04-24 07:13;4046680;382888;9,46;9
24-04-24 07:18;4046680;383028;9,47;9
24-04-24 07:23;4046680;366704;9,06;9
24-04-24 07:28;4046680;369968;9,14;9
24-04-24 07:33;4046680;369240;9,12;9
24-04-24 07:38;4046680;369364;9,13;9
24-04-24 07:43;4046680;371348;9,18;9
24-04-24 07:48;4046680;378664;9,36;9
24-04-24 07:53;4046680;367116;9,07;9
24-04-24 07:58;4046680;366760;9,06;9
24-04-24 08:03;4046680;350420;8,66;9
24-04-24 08:08;4046680;366684;9,06;9
24-04-24 08:13;4046680;354996;8,77;9
24-04-24 08:18;4046680;352532;8,71;9
24-04-24 08:23;4046680;352036;8,7;9
24-04-24 08:28;4046680;351920;8,7;9
24-04-24 08:33;4046680;343596;8,49;8
24-04-24 08:38;4046680;359204;8,88;9
24-04-24 08:43;4046680;359188;8,88;9
24-04-24 08:48;4046680;359452;8,88;9
24-04-24 08:53;4046680;358832;8,87;9
24-04-24 08:58;4046680;358444;8,86;9
24-04-24 09:03;4046680;344292;8,51;9
24-04-24 09:08;4046680;343920;8,5;9
24-04-24 09:13;4046680;343408;8,49;8
24-04-24 09:18;4046680;340108;8,4;8
24-04-24 09:23;4046680;332660;8,22;8
24-04-24 09:28;4046680;350888;8,67;9
24-04-24 09:33;4046680;352112;8,7;9
24-04-24 09:38;4046680;351632;8,69;9
24-04-24 09:43;4046680;352128;8,7;9
24-04-24 09:48;4046680;344192;8,51;9
24-04-24 09:53;4046680;343696;8,49;8
24-04-24 09:58;4046680;343696;8,49;8
24-04-24 10:03;4046680;325016;8,03;8
24-04-24 10:08;4046680;331652;8,2;8
24-04-24 10:13;4046680;322848;7,98;8
24-04-24 10:18;4046680;340596;8,42;8
24-04-24 10:23;4046680;344316;8,51;9
24-04-24 10:28;4046680;343028;8,48;8
24-04-24 10:33;4046680;377308;9,32;9
24-04-24 10:38;4046680;378796;9,36;9
24-04-24 10:43;4046680;366644;9,06;9
24-04-24 10:48;4046680;389212;9,62;10
24-04-24 10:53;4046680;398140;9,84;10
24-04-24 10:58;4046680;394048;9,74;10
24-04-24 11:03;4046680;385528;9,53;10
24-04-24 11:08;4046680;380680;9,41;9
24-04-24 11:13;4046680;380200;9,4;9
24-04-24 11:18;4046680;118464;2,93;3
24-04-24 11:23;4046680;124224;3,07;3
24-04-24 11:28;4046680;138592;3,42;3
24-04-24 11:33;4046680;123124;3,04;3
24-04-24 11:38;4046680;122644;3,03;3
24-04-24 11:43;4046680;113608;2,81;3
24-04-24 11:48;4046680;129904;3,21;3
24-04-24 11:53;4046680;125992;3,11;3
24-04-24 11:58;4046680;125744;3,11;3
24-04-24 12:03;4046680;163764;4,05;4
24-04-24 12:08;4046680;230436;5,69;6
24-04-24 12:13;4046680;227040;5,61;6
24-04-24 12:18;4046680;213236;5,27;5
24-04-24 12:23;4046680;202108;4,99;5
24-04-24 12:28;4046680;264360;6,53;7
24-04-24 12:33;4046680;266460;6,58;7
24-04-24 12:38;4046680;275256;6,8;7
24-04-24 12:43;4046680;142872;3,53;4
24-04-24 12:48;4046680;142344;3,52;4
24-04-24 12:53;4046680;141956;3,51;4
24-04-24 12:58;4046680;141352;3,49;3
24-04-24 13:03;4046680;338440;8,36;8
24-04-24 13:08;4046680;329280;8,14;8
24-04-24 13:13;4046680;242480;5,99;6
24-04-24 13:18;4046680;249768;6,17;6
24-04-24 13:23;4046680;249380;6,16;6
24-04-24 13:28;4046680;243072;6,01;6
24-04-24 13:33;4046680;217000;5,36;5
24-04-24 13:38;4046680;222888;5,51;6
24-04-24 13:43;4046680;218792;5,41;5
24-04-24 13:48;4046680;218060;5,39;5
24-04-24 13:53;4046680;199432;4,93;5
24-04-24 13:58;4046680;240276;5,94;6
24-04-24 14:03;4046680;219456;5,42;5
24-04-24 14:08;4046680;364472;9,01;9
24-04-24 14:13;4046680;364280;9;9
24-04-24 14:18;4046680;363784;8,99;9
24-04-24 14:23;4046680;355352;8,78;9
24-04-24 14:28;4046680;336504;8,32;8
24-04-24 14:33;4046680;336132;8,31;8
24-04-24 14:38;4046680;336112;8,31;8
24-04-24 14:43;4046680;335664;8,29;8
24-04-24 14:48;4046680;326956;8,08;8
24-04-24 14:53;4046680;329932;8,15;8
24-04-24 14:58;4046680;319548;7,9;8
24-04-24 15:03;4046680;297968;7,36;7
24-04-24 15:08;4046680;365768;9,04;9
24-04-24 15:13;4046680;357984;8,85;9
24-04-24 15:18;4046680;357256;8,83;9
24-04-24 15:23;4046680;354884;8,77;9
24-04-24 15:28;4046680;354620;8,76;9
24-04-24 15:33;4046680;354116;8,75;9
24-04-24 15:38;4046680;363828;8,99;9
24-04-24 15:43;4046680;354784;8,77;9
24-04-24 15:48;4046680;353596;8,74;9
24-04-24 15:53;4046680;354180;8,75;9
24-04-24 15:58;4046680;353436;8,73;9
24-04-24 16:03;4046680;328788;8,12;8
24-04-24 16:08;4046680;319984;7,91;8
24-04-24 16:13;4046680;319860;7,9;8
24-04-24 16:18;4046680;339424;8,39;8
24-04-24 16:23;4046680;339424;8,39;8
24-04-24 16:28;4046680;328404;8,12;8
24-04-24 16:33;4046680;320040;7,91;8
24-04-24 16:38;4046680;319476;7,89;8
24-04-24 16:43;4046680;319584;7,9;8
24-04-24 16:48;4046680;319608;7,9;8
24-04-24 16:53;4046680;310540;7,67;8
24-04-24 16:58;4046680;308556;7,62;8
24-04-24 17:03;4046680;291860;7,21;7
24-04-24 17:08;4046680;386876;9,56;10
24-04-24 17:13;4046680;386876;9,56;10
24-04-24 17:18;4046680;378304;9,35;9
24-04-24 17:23;4046680;414164;10,23;10
24-04-24 17:28;4046680;414412;10,24;10
24-04-24 17:33;4046680;413420;10,22;10
24-04-24 17:38;4046680;413048;10,21;10
24-04-24 17:43;4046680;402988;9,96;10
24-04-24 17:48;4046680;402648;9,95;10
24-04-24 17:53;4046680;420040;10,38;10
24-04-24 17:58;4046680;411312;10,16;10
24-04-24 18:03;4046680;385548;9,53;10
24-04-24 18:08;4046680;379948;9,39;9
24-04-24 18:13;4046680;396224;9,79;10
24-04-24 18:18;4046680;396100;9,79;10
24-04-24 18:23;4046680;395480;9,77;10
24-04-24 18:28;4046680;395728;9,78;10
24-04-24 18:33;4046680;387248;9,57;10
24-04-24 18:38;4046680;385156;9,52;10
24-04-24 18:43;4046680;389356;9,62;10
24-04-24 18:48;4046680;377948;9,34;9
24-04-24 18:53;4046680;377840;9,34;9
24-04-24 18:58;4046680;369780;9,14;9
24-04-24 19:03;4046680;369296;9,13;9
24-04-24 19:08;4046680;381584;9,43;9
24-04-24 19:13;4046680;366440;9,06;9
24-04-24 19:18;4046680;366192;9,05;9
24-04-24 19:23;4046680;365944;9,04;9
24-04-24 19:28;4046680;356768;8,82;9
24-04-24 19:33;4046680;356148;8,8;9
24-04-24 19:38;4046680;354272;8,75;9
24-04-24 19:43;4046680;354024;8,75;9
24-04-24 19:48;4046680;353556;8,74;9
24-04-24 19:53;4046680;345236;8,53;9
24-04-24 19:58;4046680;361976;8,95;9
24-04-24 20:03;4046680;345140;8,53;9
24-04-24 20:08;4046680;357512;8,83;9
24-04-24 20:13;4046680;356408;8,81;9
24-04-24 20:18;4046680;356644;8,81;9
24-04-24 20:23;4046680;348088;8,6;9
24-04-24 20:28;4046680;347576;8,59;9
24-04-24 20:33;4046680;347468;8,59;9
24-04-24 20:38;4046680;345484;8,54;9
24-04-24 20:43;4046680;345112;8,53;9
24-04-24 20:48;4046680;334696;8,27;8
24-04-24 20:53;4046680;345716;8,54;9
24-04-24 20:58;4046680;345112;8,53;9
24-04-24 21:03;4046680;328880;8,13;8
24-04-24 21:08;4046680;326292;8,06;8
24-04-24 21:13;4046680;352356;8,71;9
24-04-24 21:18;4046680;354452;8,76;9
24-04-24 21:23;4046680;354064;8,75;9
24-04-24 21:28;4046680;353708;8,74;9
24-04-24 21:33;4046680;354204;8,75;9
24-04-24 21:38;4046680;345152;8,53;9
24-04-24 21:43;4046680;361520;8,93;9
24-04-24 21:48;4046680;360280;8,9;9
24-04-24 21:53;4046680;360636;8,91;9
24-04-24 21:58;4046680;359908;8,89;9
24-04-24 22:03;4046680;343692;8,49;8
24-04-24 22:08;4046680;335260;8,28;8
24-04-24 22:13;4046680;334764;8,27;8
24-04-24 22:18;4046680;347508;8,59;9
24-04-24 22:23;4046680;347244;8,58;9
24-04-24 22:28;4046680;347632;8,59;9
24-04-24 22:33;4046680;338456;8,36;8
24-04-24 22:38;4046680;327884;8,1;8
24-04-24 22:43;4046680;326520;8,07;8
24-04-24 22:48;4046680;335448;8,29;8
24-04-24 22:53;4046680;363612;8,99;9
24-04-24 22:58;4046680;344220;8,51;9
24-04-24 23:03;4046680;318580;7,87;8
24-04-24 23:08;4046680;309776;7,66;8
24-04-24 23:13;4046680;361320;8,93;9
24-04-24 23:18;4046680;361196;8,93;9
24-04-24 23:23;4046680;352764;8,72;9
24-04-24 23:28;4046680;391708;9,68;10
24-04-24 23:33;4046680;390604;9,65;10
24-04-24 23:38;4046680;392400;9,7;10
24-04-24 23:43;4046680;391920;9,68;10
24-04-24 23:48;4046680;384108;9,49;9
24-04-24 23:53;4046680;382232;9,45;9
24-04-24 23:58;4046680;381876;9,44;9
25-04-24 00:03;4046680;365288;9,03;9
25-04-24 00:08;4046680;372264;9,2;9
25-04-24 00:13;4046680;376196;9,3;9
25-04-24 00:18;4046680;383868;9,49;9
25-04-24 00:23;4046680;383480;9,48;9
25-04-24 00:28;4046680;383496;9,48;9
25-04-24 00:33;4046680;383000;9,46;9
25-04-24 00:38;4046680;382752;9,46;9
25-04-24 00:43;4046680;374072;9,24;9
25-04-24 00:48;4046680;374444;9,25;9
25-04-24 00:53;4046680;373700;9,23;9
25-04-24 00:58;4046680;373684;9,23;9
25-04-24 01:03;4046680;357236;8,83;9
25-04-24 01:08;4046680;348804;8,62;9
25-04-24 01:13;4046680;378412;9,35;9
25-04-24 01:18;4046680;378412;9,35;9
25-04-24 01:23;4046680;377544;9,33;9
25-04-24 01:28;4046680;396020;9,79;10
25-04-24 01:33;4046680;388224;9,59;10
25-04-24 01:38;4046680;386968;9,56;10
25-04-24 01:43;4046680;386844;9,56;10
25-04-24 01:48;4046680;386968;9,56;10
25-04-24 01:53;4046680;386472;9,55;10
25-04-24 01:58;4046680;385976;9,54;10
25-04-24 02:03;4046680;375064;9,27;9
25-04-24 02:08;4046680;391184;9,67;10
25-04-24 02:13;4046680;391308;9,67;10
25-04-24 02:18;4046680;390748;9,66;10
25-04-24 02:23;4046680;390548;9,65;10
25-04-24 02:28;4046680;382008;9,44;9
25-04-24 02:33;4046680;382116;9,44;9
25-04-24 02:38;4046680;381636;9,43;9
25-04-24 02:43;4046680;381884;9,44;9
25-04-24 02:48;4046680;381140;9,42;9
25-04-24 02:53;4046680;373312;9,23;9
25-04-24 02:58;4046680;389324;9,62;10
25-04-24 03:03;4046680;372092;9,19;9
25-04-24 03:08;4046680;371720;9,19;9
25-04-24 03:13;4046680;371720;9,19;9
25-04-24 03:18;4046680;384960;9,51;10
25-04-24 03:23;4046680;360460;8,91;9
25-04-24 03:28;4046680;360228;8,9;9
25-04-24 03:33;4046680;360212;8,9;9
25-04-24 03:38;4046680;360212;8,9;9
25-04-24 03:43;4046680;360088;8,9;9
25-04-24 03:48;4046680;351144;8,68;9
25-04-24 03:53;4046680;367900;9,09;9
25-04-24 03:58;4046680;367280;9,08;9
25-04-24 04:03;4046680;350816;8,67;9
25-04-24 04:08;4046680;364056;9;9
25-04-24 04:13;4046680;355856;8,79;9
25-04-24 04:18;4046680;354756;8,77;9
25-04-24 04:23;4046680;354988;8,77;9
25-04-24 04:28;4046680;355252;8,78;9
25-04-24 04:33;4046680;354880;8,77;9
25-04-24 04:38;4046680;346324;8,56;9
25-04-24 04:43;4046680;362196;8,95;9
25-04-24 04:48;4046680;361964;8,94;9
25-04-24 04:53;4046680;362196;8,95;9
25-04-24 04:58;4046680;361452;8,93;9
25-04-24 05:03;4046680;344972;8,52;9
25-04-24 05:08;4046680;336244;8,31;8
25-04-24 05:13;4046680;349672;8,64;9
25-04-24 05:18;4046680;348912;8,62;9
25-04-24 05:23;4046680;348928;8,62;9
25-04-24 05:28;4046680;348680;8,62;9
25-04-24 05:33;4046680;340992;8,43;8
25-04-24 05:38;4046680;332436;8,22;8
25-04-24 05:43;4046680;331424;8,19;8
25-04-24 05:48;4046680;331816;8,2;8
25-04-24 05:53;4046680;331320;8,19;8
25-04-24 05:58;4046680;323560;8;8
25-04-24 06:03;4046680;306796;7,58;8
25-04-24 06:08;4046680;306316;7,57;8
25-04-24 06:13;4046680;393080;9,71;10
25-04-24 06:18;4046680;392832;9,71;10
25-04-24 06:23;4046680;385020;9,51;10
25-04-24 06:28;4046680;421724;10,42;10
25-04-24 06:33;4046680;421832;10,42;10
25-04-24 06:38;4046680;420360;10,39;10
25-04-24 06:43;4046680;420360;10,39;10
25-04-24 06:48;4046680;419864;10,38;10
25-04-24 06:53;4046680;411556;10,17;10
25-04-24 06:58;4046680;411184;10,16;10
25-04-24 07:03;4046680;391124;9,67;10
25-04-24 07:08;4046680;385172;9,52;10
25-04-24 07:13;4046680;377824;9,34;9
25-04-24 07:18;4046680;389252;9,62;10
25-04-24 07:23;4046680;405604;10,02;10
25-04-24 07:28;4046680;404736;10;10
25-04-24 07:33;4046680;404364;9,99;10
25-04-24 07:38;4046680;404860;10;10
25-04-24 07:43;4046680;392344;9,7;10
25-04-24 07:48;4046680;390360;9,65;10
25-04-24 07:53;4046680;389864;9,63;10
25-04-24 07:58;4046680;390112;9,64;10
25-04-24 08:03;4046680;386268;9,55;10
25-04-24 08:08;4046680;370272;9,15;9
25-04-24 08:13;4046680;387260;9,57;10
25-04-24 08:18;4046680;380192;9,4;9
25-04-24 08:23;4046680;380316;9,4;9
25-04-24 08:28;4046680;379696;9,38;9
25-04-24 08:33;4046680;368660;9,11;9
25-04-24 08:38;4046680;389332;9,62;10
25-04-24 08:43;4046680;380356;9,4;9
25-04-24 08:48;4046680;346488;8,56;9
25-04-24 08:53;4046680;345936;8,55;9
25-04-24 08:58;4046680;386352;9,55;10
25-04-24 09:03;4046680;352728;8,72;9
25-04-24 09:08;4046680;346120;8,55;9
25-04-24 09:13;4046680;370868;9,16;9
25-04-24 09:18;4046680;366576;9,06;9
25-04-24 09:23;4046680;351324;8,68;9
25-04-24 09:28;4046680;349688;8,64;9
25-04-24 09:33;4046680;339636;8,39;8
25-04-24 09:38;4046680;339528;8,39;8
25-04-24 09:43;4046680;380512;9,4;9
25-04-24 09:48;4046680;380636;9,41;9
25-04-24 09:53;4046680;380264;9,4;9
25-04-24 09:58;4046680;379536;9,38;9
25-04-24 10:03;4046680;355492;8,78;9
25-04-24 10:08;4046680;380100;9,39;9
25-04-24 10:13;4046680;371368;9,18;9
25-04-24 10:18;4046680;330516;8,17;8
25-04-24 10:23;4046680;307196;7,59;8
25-04-24 10:28;4046680;335880;8,3;8
25-04-24 10:33;4046680;316536;7,82;8
25-04-24 10:38;4046680;333028;8,23;8
25-04-24 10:43;4046680;323348;7,99;8
25-04-24 10:48;4046680;326324;8,06;8
25-04-24 10:53;4046680;324340;8,01;8
25-04-24 10:58;4046680;310636;7,68;8
25-04-24 11:03;4046680;283556;7,01;7
25-04-24 11:08;4046680;304528;7,53;8
25-04-24 11:13;4046680;299800;7,41;7
25-04-24 11:18;4046680;364988;9,02;9
25-04-24 11:23;4046680;352852;8,72;9
25-04-24 11:28;4046680;342932;8,47;8
25-04-24 11:33;4046680;357600;8,84;9
25-04-24 11:38;4046680;349540;8,64;9
25-04-24 11:43;4046680;337692;8,34;8
25-04-24 11:48;4046680;352076;8,7;9
25-04-24 11:53;4046680;351456;8,69;9
25-04-24 11:58;4046680;351332;8,68;9
25-04-24 12:03;4046680;324824;8,03;8
25-04-24 12:08;4046680;337444;8,34;8
25-04-24 12:13;4046680;337428;8,34;8
25-04-24 12:18;4046680;336808;8,32;8
25-04-24 12:23;4046680;336948;8,33;8
25-04-24 12:28;4046680;328268;8,11;8
25-04-24 12:33;4046680;340132;8,41;8
25-04-24 12:38;4046680;338808;8,37;8
25-04-24 12:43;4046680;333724;8,25;8
25-04-24 12:48;4046680;314132;7,76;8
25-04-24 12:53;4046680;314612;7,77;8
25-04-24 12:58;4046680;314364;7,77;8
25-04-24 13:03;4046680;298024;7,36;7
25-04-24 13:08;4046680;362432;8,96;9
25-04-24 13:13;4046680;354000;8,75;9
25-04-24 13:18;4046680;369004;9,12;9
25-04-24 13:23;4046680;368508;9,11;9
25-04-24 13:28;4046680;366028;9,05;9
25-04-24 13:33;4046680;357348;8,83;9
25-04-24 13:38;4046680;356476;8,81;9
25-04-24 13:43;4046680;352992;8,72;9
25-04-24 13:48;4046680;352264;8,71;9
25-04-24 13:53;4046680;352508;8,71;9
25-04-24 13:58;4046680;383804;9,48;9
25-04-24 14:03;4046680;360316;8,9;9
25-04-24 14:08;4046680;360224;8,9;9
25-04-24 14:13;4046680;373692;9,23;9
25-04-24 14:18;4046680;362784;8,96;9
25-04-24 14:23;4046680;365224;9,03;9
25-04-24 14:28;4046680;338472;8,36;8
25-04-24 14:33;4046680;337744;8,35;8
25-04-24 14:38;4046680;328072;8,11;8
25-04-24 14:43;4046680;342524;8,46;8
25-04-24 14:49;4046680;340968;8,43;8
25-04-24 14:54;4046680;340704;8,42;8
25-04-24 14:59;4046680;340472;8,41;8
25-04-24 15:04;4046680;311856;7,71;8
25-04-24 15:09;4046680;311716;7,7;8
25-04-24 15:14;4046680;374388;9,25;9
25-04-24 15:19;4046680;366636;9,06;9
25-04-24 15:24;4046680;366932;9,07;9
25-04-24 15:29;4046680;357616;8,84;9
25-04-24 15:34;4046680;357216;8,83;9
25-04-24 15:39;4046680;356844;8,82;9
25-04-24 15:44;4046680;348644;8,62;9
25-04-24 15:49;4046680;343824;8,5;9
25-04-24 15:54;4046680;345188;8,53;9
25-04-24 15:59;4046680;357464;8,83;9
25-04-24 16:04;4046680;332428;8,21;8
25-04-24 16:09;4046680;369024;9,12;9
25-04-24 16:14;4046680;366668;9,06;9
25-04-24 16:19;4046680;382248;9,45;9
25-04-24 16:24;4046680;396540;9,8;10
25-04-24 16:29;4046680;393648;9,73;10
25-04-24 16:34;4046680;397244;9,82;10
25-04-24 16:39;4046680;399244;9,87;10
25-04-24 16:44;4046680;391292;9,67;10
25-04-24 16:49;4046680;382504;9,45;9
25-04-24 16:54;4046680;381372;9,42;9
25-04-24 16:59;4046680;379528;9,38;9
25-04-24 17:04;4046680;361204;8,93;9
25-04-24 17:09;4046680;352152;8,7;9
25-04-24 17:14;4046680;364524;9,01;9
25-04-24 17:19;4046680;361732;8,94;9
25-04-24 17:24;4046680;382304;9,45;9
25-04-24 17:29;4046680;374164;9,25;9
25-04-24 17:34;4046680;390280;9,64;10
25-04-24 17:39;4046680;387280;9,57;10
25-04-24 17:44;4046680;387156;9,57;10
25-04-24 17:49;4046680;369400;9,13;9
25-04-24 17:54;4046680;360844;8,92;9
25-04-24 17:59;4046680;360844;8,92;9
25-04-24 18:04;4046680;337560;8,34;8
25-04-24 18:09;4046680;357092;8,82;9
25-04-24 18:14;4046680;349032;8,63;9
25-04-24 18:19;4046680;340336;8,41;8
25-04-24 18:24;4046680;339660;8,39;8
25-04-24 18:29;4046680;339304;8,38;8
25-04-24 18:34;4046680;338972;8,38;8
25-04-24 18:39;4046680;330748;8,17;8
25-04-24 18:44;4046680;330540;8,17;8
25-04-24 18:49;4046680;329920;8,15;8
25-04-24 18:54;4046680;327812;8,1;8
25-04-24 18:59;4046680;319092;7,89;8
25-04-24 19:04;4046680;344348;8,51;9
25-04-24 19:09;4046680;343232;8,48;8
25-04-24 19:14;4046680;342860;8,47;8
25-04-24 19:19;4046680;347792;8,59;9
25-04-24 19:24;4046680;336508;8,32;8
25-04-24 19:29;4046680;336476;8,31;8
25-04-24 19:34;4046680;336216;8,31;8
25-04-24 19:39;4046680;335588;8,29;8
25-04-24 19:44;4046680;328464;8,12;8
25-04-24 19:49;4046680;344476;8,51;9
25-04-24 19:54;4046680;344288;8,51;9
25-04-24 19:59;4046680;343732;8,49;8
25-04-24 20:04;4046680;319440;7,89;8
25-04-24 20:09;4046680;319084;7,89;8
25-04-24 20:14;4046680;377116;9,32;9
25-04-24 20:19;4046680;377008;9,32;9
25-04-24 20:24;4046680;368556;9,11;9
25-04-24 20:29;4046680;383684;9,48;9
25-04-24 20:34;4046680;383312;9,47;9
25-04-24 20:39;4046680;382568;9,45;9
25-04-24 20:44;4046680;360588;8,91;9
25-04-24 20:49;4046680;352312;8,71;9
25-04-24 20:54;4046680;351940;8,7;9
25-04-24 20:59;4046680;345692;8,54;9
25-04-24 21:04;4046680;237900;5,88;6
25-04-24 21:09;4046680;390408;9,65;10
25-04-24 21:14;4046680;379124;9,37;9
25-04-24 21:19;4046680;378768;9,36;9
25-04-24 21:24;4046680;378396;9,35;9
25-04-24 21:29;4046680;377960;9,34;9
25-04-24 21:34;4046680;369064;9,12;9
25-04-24 21:39;4046680;357248;8,83;9
25-04-24 21:44;4046680;356628;8,81;9
25-04-24 21:49;4046680;356752;8,82;9
25-04-24 21:54;4046680;347816;8,6;9
25-04-24 21:59;4046680;339772;8,4;8
25-04-24 22:04;4046680;311528;7,7;8
25-04-24 22:09;4046680;309916;7,66;8
25-04-24 22:14;4046680;310040;7,66;8
25-04-24 22:19;4046680;363264;8,98;9
25-04-24 22:24;4046680;362752;8,96;9
25-04-24 22:29;4046680;362644;8,96;9
25-04-24 22:34;4046680;362596;8,96;9
25-04-24 22:39;4046680;354460;8,76;9
25-04-24 22:44;4046680;391784;9,68;10
25-04-24 22:49;4046680;379392;9,38;9
25-04-24 22:54;4046680;379252;9,37;9
25-04-24 22:59;4046680;370572;9,16;9
25-04-24 23:04;4046680;367472;9,08;9
25-04-24 23:09;4046680;367364;9,08;9
25-04-24 23:14;4046680;367364;9,08;9
25-04-24 23:19;4046680;366992;9,07;9
25-04-24 23:24;4046680;358312;8,85;9
25-04-24 23:29;4046680;374664;9,26;9
25-04-24 23:34;4046680;359552;8,89;9
25-04-24 23:39;4046680;359056;8,87;9
25-04-24 23:44;4046680;351120;8,68;9
25-04-24 23:49;4046680;350004;8,65;9
25-04-24 23:54;4046680;348764;8,62;9
25-04-24 23:59;4046680;348252;8,61;9
26-04-24 00:04;4046680;331680;8,2;8
26-04-24 00:09;4046680;335992;8,3;8
26-04-24 00:14;4046680;352360;8,71;9
26-04-24 00:19;4046680;351864;8,7;9
26-04-24 00:24;4046680;351492;8,69;9
26-04-24 00:29;4046680;350964;8,67;9
26-04-24 00:34;4046680;342424;8,46;8
26-04-24 00:39;4046680;342300;8,46;8
26-04-24 00:44;4046680;342068;8,45;8
26-04-24 00:49;4046680;341464;8,44;8
26-04-24 00:54;4046680;333388;8,24;8
26-04-24 00:59;4046680;349508;8,64;9
26-04-24 01:04;4046680;321960;7,96;8
26-04-24 01:09;4046680;321464;7,94;8
26-04-24 01:14;4046680;333960;8,25;8
26-04-24 01:19;4046680;326148;8,06;8
26-04-24 01:24;4046680;325528;8,04;8
26-04-24 01:29;4046680;325388;8,04;8
26-04-24 01:34;4046680;325172;8,04;8
26-04-24 01:39;4046680;316368;7,82;8
26-04-24 01:44;4046680;332984;8,23;8
26-04-24 01:49;4046680;332488;8,22;8
26-04-24 01:54;4046680;331976;8,2;8
26-04-24 01:59;4046680;332116;8,21;8
26-04-24 02:04;4046680;307484;7,6;8
26-04-24 02:09;4046680;386580;9,55;10
26-04-24 02:14;4046680;371808;9,19;9
26-04-24 02:19;4046680;371808;9,19;9
26-04-24 02:24;4046680;364864;9,02;9
26-04-24 02:29;4046680;363840;8,99;9
26-04-24 02:34;4046680;377884;9,34;9
26-04-24 02:39;4046680;377388;9,33;9
26-04-24 02:44;4046680;377372;9,33;9
26-04-24 02:49;4046680;369080;9,12;9
26-04-24 02:54;4046680;368320;9,1;9
26-04-24 02:59;4046680;367716;9,09;9
26-04-24 03:04;4046680;351724;8,69;9
26-04-24 03:09;4046680;342672;8,47;8
26-04-24 03:14;4046680;340440;8,41;8
26-04-24 03:19;4046680;356420;8,81;9
26-04-24 03:24;4046680;347548;8,59;9
26-04-24 03:29;4046680;347252;8,58;9
26-04-24 03:34;4046680;338604;8,37;8
26-04-24 03:39;4046680;338248;8,36;8
26-04-24 03:44;4046680;337860;8,35;8
26-04-24 03:49;4046680;337240;8,33;8
26-04-24 03:54;4046680;329800;8,15;8
26-04-24 03:59;4046680;328560;8,12;8
26-04-24 04:04;4046680;341764;8,45;8
26-04-24 04:09;4046680;341332;8,43;8
26-04-24 04:14;4046680;341580;8,44;8
26-04-24 04:19;4046680;341456;8,44;8
26-04-24 04:24;4046680;332652;8,22;8
26-04-24 04:29;4046680;332620;8,22;8
26-04-24 04:34;4046680;332420;8,21;8
26-04-24 04:39;4046680;332280;8,21;8
26-04-24 04:44;4046680;322996;7,98;8
26-04-24 04:49;4046680;339344;8,39;8
26-04-24 04:54;4046680;338976;8,38;8
26-04-24 04:59;4046680;339348;8,39;8
26-04-24 05:04;4046680;316192;7,81;8
26-04-24 05:09;4046680;314828;7,78;8
26-04-24 05:14;4046680;354552;8,76;9
26-04-24 05:19;4046680;355048;8,77;9
26-04-24 05:24;4046680;354064;8,75;9
26-04-24 05:29;4046680;344840;8,52;9
26-04-24 05:34;4046680;336828;8,32;8
26-04-24 05:39;4046680;338352;8,36;8
26-04-24 05:44;4046680;338412;8,36;8
26-04-24 05:49;4046680;338104;8,36;8
26-04-24 05:54;4046680;327316;8,09;8
26-04-24 05:59;4046680;327192;8,09;8
26-04-24 06:04;4046680;310728;7,68;8
26-04-24 06:09;4046680;310852;7,68;8
26-04-24 06:14;4046680;364276;9;9
26-04-24 06:19;4046680;397384;9,82;10
26-04-24 06:24;4046680;396996;9,81;10
26-04-24 06:29;4046680;396392;9,8;10
26-04-24 06:34;4046680;396144;9,79;10
26-04-24 06:39;4046680;387588;9,58;10
26-04-24 06:44;4046680;386976;9,56;10
26-04-24 06:49;4046680;386976;9,56;10
26-04-24 06:54;4046680;386728;9,56;10
26-04-24 06:59;4046680;378048;9,34;9
26-04-24 07:04;4046680;373364;9,23;9
26-04-24 07:09;4046680;372752;9,21;9
26-04-24 07:14;4046680;388132;9,59;10
26-04-24 07:19;4046680;385528;9,53;10
26-04-24 07:24;4046680;377468;9,33;9
26-04-24 07:29;4046680;376856;9,31;9
26-04-24 07:34;4046680;376732;9,31;9
26-04-24 07:39;4046680;378096;9,34;9
26-04-24 07:44;4046680;380204;9,4;9
26-04-24 07:49;4046680;403020;9,96;10
26-04-24 07:54;4046680;402772;9,95;10
26-04-24 07:59;4046680;399920;9,88;10
26-04-24 08:04;4046680;383208;9,47;9
26-04-24 08:09;4046680;374340;9,25;9
26-04-24 08:14;4046680;370048;9,14;9
26-04-24 08:19;4046680;385544;9,53;10
26-04-24 08:24;4046680;386784;9,56;10
26-04-24 08:29;4046680;377204;9,32;9
26-04-24 08:34;4046680;393372;9,72;10
26-04-24 08:39;4046680;392844;9,71;10
26-04-24 08:44;4046680;390628;9,65;10
26-04-24 08:49;4046680;382444;9,45;9
26-04-24 08:54;4046680;381948;9,44;9
26-04-24 08:59;4046680;121888;3,01;3
26-04-24 09:04;4046680;312972;7,73;8
26-04-24 09:09;4046680;403620;9,97;10
26-04-24 09:14;4046680;408828;10,1;10
26-04-24 09:19;4046680;402752;9,95;10
26-04-24 09:24;4046680;398288;9,84;10
26-04-24 09:29;4046680;390320;9,65;10
26-04-24 09:34;4046680;389344;9,62;10
26-04-24 09:39;4046680;383780;9,48;9
26-04-24 09:44;4046680;379812;9,39;9
26-04-24 09:49;4046680;362948;8,97;9
26-04-24 09:54;4046680;366788;9,06;9
26-04-24 09:59;4046680;365532;9,03;9
26-04-24 10:04;4046680;317904;7,86;8
26-04-24 10:09;4046680;359456;8,88;9
26-04-24 10:14;4046680;350900;8,67;9
26-04-24 10:19;4046680;350156;8,65;9
26-04-24 10:24;4046680;350140;8,65;9
26-04-24 10:29;4046680;345768;8,54;9
26-04-24 10:34;4046680;337624;8,34;8
26-04-24 10:39;4046680;351532;8,69;9
26-04-24 10:44;4046680;350660;8,67;9
26-04-24 10:49;4046680;352504;8,71;9
26-04-24 10:54;4046680;344212;8,51;9
26-04-24 10:59;4046680;344368;8,51;9
26-04-24 11:04;4046680;327396;8,09;8
26-04-24 11:09;4046680;335196;8,28;8
26-04-24 11:14;4046680;326980;8,08;8
26-04-24 11:19;4046680;343364;8,49;8
26-04-24 11:24;4046680;344524;8,51;9
26-04-24 11:29;4046680;344448;8,51;9
26-04-24 11:34;4046680;343860;8,5;9
26-04-24 11:39;4046680;335412;8,29;8
26-04-24 11:44;4046680;318812;7,88;8
26-04-24 11:49;4046680;316192;7,81;8
26-04-24 11:54;4046680;315944;7,81;8
26-04-24 11:59;4046680;307776;7,61;8
26-04-24 12:04;4046680;307788;7,61;8
26-04-24 12:09;4046680;391244;9,67;10
26-04-24 12:14;4046680;384920;9,51;10
26-04-24 12:19;4046680;384408;9,5;10
26-04-24 12:24;4046680;376208;9,3;9
26-04-24 12:29;4046680;371264;9,17;9
26-04-24 12:34;4046680;378952;9,36;9
26-04-24 12:39;4046680;377480;9,33;9
26-04-24 12:44;4046680;368428;9,1;9
26-04-24 12:49;4046680;381556;9,43;9
26-04-24 12:54;4046680;381432;9,43;9
26-04-24 12:59;4046680;381076;9,42;9
26-04-24 13:04;4046680;365076;9,02;9
26-04-24 13:09;4046680;356304;8,8;9
26-04-24 13:14;4046680;368428;9,1;9
26-04-24 13:19;4046680;368304;9,1;9
26-04-24 13:24;4046680;368304;9,1;9
26-04-24 13:29;4046680;360708;8,91;9
26-04-24 13:34;4046680;358944;8,87;9
26-04-24 13:39;4046680;366072;9,05;9
26-04-24 13:44;4046680;342388;8,46;8
26-04-24 13:49;4046680;332484;8,22;8
26-04-24 13:54;4046680;332096;8,21;8
26-04-24 13:59;4046680;331600;8,19;8
26-04-24 14:04;4046680;315616;7,8;8
26-04-24 14:09;4046680;370356;9,15;9
26-04-24 14:14;4046680;384764;9,51;10
26-04-24 14:19;4046680;384624;9,5;10
26-04-24 14:24;4046680;377268;9,32;9
26-04-24 14:29;4046680;369180;9,12;9
26-04-24 14:34;4046680;365676;9,04;9
26-04-24 14:39;4046680;368900;9,12;9
26-04-24 14:44;4046680;368388;9,1;9
26-04-24 14:49;4046680;359972;8,9;9
26-04-24 14:54;4046680;359708;8,89;9
26-04-24 14:59;4046680;375332;9,28;9
26-04-24 15:04;4046680;372108;9,2;9
26-04-24 15:09;4046680;372124;9,2;9
26-04-24 15:14;4046680;363940;8,99;9
26-04-24 15:19;4046680;365304;9,03;9
26-04-24 15:24;4046680;350672;8,67;9
26-04-24 15:29;4046680;354128;8,75;9
26-04-24 15:34;4046680;344696;8,52;9
26-04-24 15:39;4046680;363312;8,98;9
26-04-24 15:44;4046680;370364;9,15;9
26-04-24 15:49;4046680;370504;9,16;9
26-04-24 15:54;4046680;355484;8,78;9
26-04-24 15:59;4046680;347068;8,58;9
26-04-24 16:04;4046680;330340;8,16;8
26-04-24 16:09;4046680;329736;8,15;8
26-04-24 16:14;4046680;343092;8,48;8
26-04-24 16:19;4046680;334792;8,27;8
26-04-24 16:24;4046680;351284;8,68;9
26-04-24 16:29;4046680;351376;8,68;9
26-04-24 16:34;4046680;350664;8,67;9
26-04-24 16:39;4046680;349920;8,65;9
26-04-24 16:44;4046680;341100;8,43;8
26-04-24 16:49;4046680;341176;8,43;8
26-04-24 16:54;4046680;341116;8,43;8
26-04-24 16:59;4046680;340744;8,42;8
26-04-24 17:04;4046680;309028;7,64;8
26-04-24 17:09;4046680;337764;8,35;8
26-04-24 17:14;4046680;336680;8,32;8
26-04-24 17:19;4046680;335672;8,29;8
26-04-24 17:24;4046680;288924;7,14;7
26-04-24 17:29;4046680;279856;6,92;7
26-04-24 17:34;4046680;279468;6,91;7
26-04-24 17:39;4046680;223088;5,51;6
26-04-24 17:44;4046680;218792;5,41;5
26-04-24 17:49;4046680;193716;4,79;5
26-04-24 17:54;4046680;199844;4,94;5
26-04-24 17:59;4046680;204976;5,07;5
26-04-24 18:04;4046680;179244;4,43;4
26-04-24 18:09;4046680;329564;8,14;8
26-04-24 18:14;4046680;274548;6,78;7
26-04-24 18:19;4046680;276156;6,82;7
26-04-24 18:24;4046680;228612;5,65;6
26-04-24 18:29;4046680;177128;4,38;4
26-04-24 18:34;4046680;158148;3,91;4
26-04-24 18:39;4046680;147900;3,65;4
26-04-24 18:44;4046680;161648;3,99;4
26-04-24 18:49;4046680;157572;3,89;4
26-04-24 18:54;4046680;156596;3,87;4
26-04-24 18:59;4046680;147124;3,64;4
26-04-24 19:04;4046680;382860;9,46;9
26-04-24 19:09;4046680;375776;9,29;9
26-04-24 19:14;4046680;375652;9,28;9
26-04-24 19:19;4046680;362944;8,97;9
26-04-24 19:24;4046680;354512;8,76;9
26-04-24 19:29;4046680;329936;8,15;8
26-04-24 19:34;4046680;321312;7,94;8
26-04-24 19:39;4046680;312760;7,73;8
26-04-24 19:44;4046680;617100;15,25;15
26-04-24 19:49;4046680;611884;15,12;15
26-04-24 19:54;4046680;626112;15,47;15
26-04-24 19:59;4046680;533364;13,18;13
26-04-24 20:04;4046680;451180;11,15;11
26-04-24 20:09;4046680;417032;10,31;10
26-04-24 20:14;4046680;439828;10,87;11
26-04-24 20:19;4046680;394812;9,76;10
26-04-24 20:24;4046680;386660;9,55;10
26-04-24 20:29;4046680;340980;8,43;8
26-04-24 20:34;4046680;211104;5,22;5
26-04-24 20:39;4046680;178768;4,42;4
26-04-24 20:44;4046680;466388;11,53;12
26-04-24 20:49;4046680;175416;4,33;4
26-04-24 20:54;4046680;177548;4,39;4
26-04-24 20:59;4046680;172804;4,27;4
26-04-24 21:04;4046680;153984;3,81;4
26-04-24 21:09;4046680;153240;3,79;4
26-04-24 21:14;4046680;153356;3,79;4
26-04-24 21:19;4046680;377812;9,34;9
26-04-24 21:24;4046680;369504;9,13;9
26-04-24 21:29;4046680;369532;9,13;9
26-04-24 21:34;4046680;368028;9,09;9
26-04-24 21:39;4046680;359612;8,89;9
26-04-24 21:44;4046680;359608;8,89;9
26-04-24 21:49;4046680;359844;8,89;9
26-04-24 21:54;4046680;359480;8,88;9
26-04-24 21:59;4046680;308824;7,63;8
26-04-24 22:04;4046680;368596;9,11;9
26-04-24 22:09;4046680;682996;16,88;17
26-04-24 22:14;4046680;678964;16,78;17
26-04-24 22:19;4046680;677564;16,74;17
26-04-24 22:24;4046680;677936;16,75;17
26-04-24 22:29;4046680;679300;16,79;17
26-04-24 22:34;4046680;670588;16,57;17
26-04-24 22:39;4046680;664768;16,43;16
26-04-24 22:44;4046680;657856;16,26;16
26-04-24 22:49;4046680;657360;16,24;16
26-04-24 22:54;4046680;657064;16,24;16
26-04-24 22:59;4046680;656344;16,22;16
26-04-24 23:04;4046680;622620;15,39;15
26-04-24 23:09;4046680;621504;15,36;15
26-04-24 23:14;4046680;601368;14,86;15
26-04-24 23:20;4046680;600408;14,84;15
26-04-24 23:25;4046680;601400;14,86;15
26-04-24 23:30;4046680;600532;14,84;15
26-04-24 23:35;4046680;592348;14,64;15
26-04-24 23:40;4046680;591480;14,62;15
26-04-24 23:45;4046680;588752;14,55;15
26-04-24 23:50;4046680;582396;14,39;14
26-04-24 23:55;4046680;580520;14,35;14
27-04-24 00:00;4046680;579420;14,32;14
27-04-24 00:05;4046680;579220;14,31;14
27-04-24 00:10;4046680;472036;11,66;12
27-04-24 00:15;4046680;462488;11,43;11
27-04-24 00:20;4046680;461760;11,41;11
27-04-24 00:25;4046680;462132;11,42;11
27-04-24 00:30;4046680;461760;11,41;11
27-04-24 00:35;4046680;461744;11,41;11
27-04-24 00:40;4046680;453204;11,2;11
27-04-24 00:45;4046680;453220;11,2;11
27-04-24 00:50;4046680;452320;11,18;11
27-04-24 00:55;4046680;451220;11,15;11
27-04-24 01:00;4046680;449972;11,12;11
27-04-24 01:05;4046680;434024;10,73;11
27-04-24 01:10;4046680;441128;10,9;11
27-04-24 01:15;4046680;441904;10,92;11
27-04-24 01:20;4046680;432372;10,68;11
27-04-24 01:25;4046680;432620;10,69;11
27-04-24 01:30;4046680;432016;10,68;11
27-04-24 01:35;4046680;431764;10,67;11
27-04-24 01:40;4046680;431640;10,67;11
27-04-24 01:45;4046680;431828;10,67;11
27-04-24 01:50;4046680;422948;10,45;10
27-04-24 01:55;4046680;422840;10,45;10
27-04-24 02:00;4046680;419156;10,36;10
27-04-24 02:05;4046680;408740;10,1;10
27-04-24 02:10;4046680;407840;10,08;10
27-04-24 02:15;4046680;420664;10,4;10
27-04-24 02:20;4046680;420060;10,38;10
27-04-24 02:25;4046680;412372;10,19;10
27-04-24 02:30;4046680;411484;10,17;10
27-04-24 02:35;4046680;411380;10,17;10
27-04-24 02:40;4046680;411008;10,16;10
27-04-24 02:45;4046680;410884;10,15;10
27-04-24 02:50;4046680;410000;10,13;10
27-04-24 02:55;4046680;402328;9,94;10
27-04-24 03:00;4046680;399600;9,87;10
27-04-24 03:05;4046680;395244;9,77;10
27-04-24 03:10;4046680;406280;10,04;10
27-04-24 03:15;4046680;406312;10,04;10
27-04-24 03:20;4046680;390632;9,65;10
27-04-24 03:25;4046680;390368;9,65;10
27-04-24 03:30;4046680;389376;9,62;10
27-04-24 03:35;4046680;381688;9,43;9
27-04-24 03:40;4046680;381688;9,43;9
27-04-24 03:45;4046680;381688;9,43;9
27-04-24 03:50;4046680;381292;9,42;9
27-04-24 03:55;4046680;381316;9,42;9
27-04-24 04:00;4046680;373008;9,22;9
27-04-24 04:05;4046680;356048;8,8;9
27-04-24 04:10;4046680;361504;8,93;9
27-04-24 04:15;4046680;186232;4,6;5
27-04-24 04:20;4046680;185236;4,58;5
27-04-24 04:25;4046680;184852;4,57;5
27-04-24 04:30;4046680;183804;4,54;5
27-04-24 04:35;4046680;176520;4,36;4
27-04-24 04:40;4046680;176064;4,35;4
27-04-24 04:45;4046680;175552;4,34;4
27-04-24 04:50;4046680;173048;4,28;4
27-04-24 04:55;4046680;173544;4,29;4
27-04-24 05:00;4046680;173104;4,28;4
27-04-24 05:05;4046680;153996;3,81;4
27-04-24 05:10;4046680;145160;3,59;4
27-04-24 05:15;4046680;338496;8,36;8
27-04-24 05:20;4046680;337032;8,33;8
27-04-24 05:25;4046680;360772;8,92;9
27-04-24 05:30;4046680;360624;8,91;9
27-04-24 05:35;4046680;360648;8,91;9
27-04-24 05:40;4046680;359956;8,9;9
27-04-24 05:45;4046680;352216;8,7;9
27-04-24 05:50;4046680;352232;8,7;9
27-04-24 05:55;4046680;341924;8,45;8
27-04-24 06:00;4046680;341544;8,44;8
27-04-24 06:05;4046680;325328;8,04;8
27-04-24 06:10;4046680;322940;7,98;8
27-04-24 06:15;4046680;315532;7,8;8
27-04-24 06:20;4046680;424976;10,5;11
27-04-24 06:25;4046680;424744;10,5;11
27-04-24 06:30;4046680;434772;10,74;11
27-04-24 06:35;4046680;433308;10,71;11
27-04-24 06:40;4046680;433168;10,7;11
27-04-24 06:45;4046680;432812;10,7;11
27-04-24 06:50;4046680;425496;10,51;11
27-04-24 06:55;4046680;424324;10,49;10
27-04-24 07:00;4046680;423760;10,47;10
27-04-24 07:05;4046680;406676;10,05;10
27-04-24 07:10;4046680;406108;10,04;10
27-04-24 07:15;4046680;419932;10,38;10
27-04-24 07:20;4046680;411444;10,17;10
27-04-24 07:25;4046680;410632;10,15;10
27-04-24 07:30;4046680;411160;10,16;10
27-04-24 07:35;4046680;410416;10,14;10
27-04-24 07:40;4046680;401736;9,93;10
27-04-24 07:45;4046680;401488;9,92;10
27-04-24 07:50;4046680;401364;9,92;10
27-04-24 07:55;4046680;401488;9,92;10
27-04-24 08:00;4046680;393056;9,71;10
27-04-24 08:05;4046680;376072;9,29;9
27-04-24 08:10;4046680;372848;9,21;9
27-04-24 08:15;4046680;387004;9,56;10
27-04-24 08:20;4046680;386368;9,55;10
27-04-24 08:25;4046680;386028;9,54;10
27-04-24 08:30;4046680;378448;9,35;9
27-04-24 08:35;4046680;377348;9,32;9
27-04-24 08:40;4046680;376852;9,31;9
27-04-24 08:45;4046680;417036;10,31;10
27-04-24 08:50;4046680;417036;10,31;10
27-04-24 08:55;4046680;417408;10,31;10
27-04-24 09:00;4046680;417284;10,31;10
27-04-24 09:05;4046680;400572;9,9;10
27-04-24 09:10;4046680;392108;9,69;10
27-04-24 09:15;4046680;405832;10,03;10
27-04-24 09:20;4046680;404840;10;10
27-04-24 09:25;4046680;405088;10,01;10
27-04-24 09:30;4046680;404468;10;10
27-04-24 09:35;4046680;386240;9,54;10
27-04-24 09:40;4046680;386100;9,54;10
27-04-24 09:45;4046680;386504;9,55;10
27-04-24 09:50;4046680;336848;8,32;8
27-04-24 09:55;4046680;344536;8,51;9
27-04-24 10:00;4046680;347992;8,6;9
27-04-24 10:05;4046680;345776;8,54;9
27-04-24 10:10;4046680;338172;8,36;8
27-04-24 10:15;4046680;338328;8,36;8
27-04-24 10:20;4046680;336964;8,33;8
27-04-24 10:25;4046680;335724;8,3;8
27-04-24 10:30;4046680;336328;8,31;8
27-04-24 10:35;4046680;440864;10,89;11
27-04-24 10:40;4046680;204508;5,05;5
27-04-24 10:45;4046680;212924;5,26;5
27-04-24 10:50;4046680;127276;3,15;3
27-04-24 10:55;4046680;1200640;29,67;30
27-04-24 11:00;4046680;582388;14,39;14
27-04-24 11:05;4046680;868032;21,45;21
27-04-24 11:10;4046680;749576;18,52;19
27-04-24 11:15;4046680;731660;18,08;18
27-04-24 11:20;4046680;724204;17,9;18
27-04-24 11:25;4046680;724592;17,91;18
27-04-24 11:30;4046680;719292;17,77;18
27-04-24 11:35;4046680;718672;17,76;18
27-04-24 11:40;4046680;714812;17,66;18
27-04-24 11:45;4046680;709000;17,52;18
27-04-24 11:50;4046680;706520;17,46;17
27-04-24 11:55;4046680;706408;17,46;17
27-04-24 12:00;4046680;698336;17,26;17
27-04-24 12:05;4046680;612424;15,13;15
27-04-24 12:10;4046680;548244;13,55;14
27-04-24 12:15;4046680;542676;13,41;13
27-04-24 12:20;4046680;533872;13,19;13
27-04-24 12:25;4046680;546536;13,51;14
27-04-24 12:30;4046680;529764;13,09;13
27-04-24 12:35;4046680;534524;13,21;13
27-04-24 12:40;4046680;541608;13,38;13
27-04-24 12:45;4046680;537640;13,29;13
27-04-24 12:50;4046680;536152;13,25;13
27-04-24 12:55;4046680;533796;13,19;13
27-04-24 13:00;4046680;524992;12,97;13
27-04-24 13:05;4046680;519568;12,84;13
27-04-24 13:10;4046680;526712;13,02;13
27-04-24 13:15;4046680;524776;12,97;13
27-04-24 13:20;4046680;513848;12,7;13
27-04-24 13:25;4046680;496256;12,26;12
27-04-24 13:30;4046680;519072;12,83;13
27-04-24 13:35;4046680;507804;12,55;13
27-04-24 13:40;4046680;496628;12,27;12
27-04-24 13:45;4046680;486832;12,03;12
27-04-24 13:50;4046680;509344;12,59;13
27-04-24 13:55;4046680;499920;12,35;12
27-04-24 14:00;4046680;499108;12,33;12
27-04-24 14:05;4046680;488720;12,08;12
27-04-24 14:10;4046680;470336;11,62;12
27-04-24 14:15;4046680;480492;11,87;12
27-04-24 14:20;4046680;492196;12,16;12
27-04-24 14:25;4046680;483516;11,95;12
27-04-24 14:30;4046680;472712;11,68;12
27-04-24 14:35;4046680;461196;11,4;11
27-04-24 14:40;4046680;483252;11,94;12
27-04-24 14:45;4046680;473844;11,71;12
27-04-24 14:50;4046680;464172;11,47;11
27-04-24 14:55;4046680;453524;11,21;11
27-04-24 15:00;4046680;459336;11,35;11
27-04-24 15:05;4046680;432208;10,68;11
27-04-24 15:10;4046680;466744;11,53;12
27-04-24 15:15;4046680;449540;11,11;11
27-04-24 15:20;4046680;438240;10,83;11
27-04-24 15:25;4046680;460948;11,39;11
27-04-24 15:30;4046680;461692;11,41;11
27-04-24 15:35;4046680;452020;11,17;11
27-04-24 15:40;4046680;449856;11,12;11
27-04-24 15:45;4046680;456980;11,29;11
27-04-24 15:50;4046680;455740;11,26;11
27-04-24 15:55;4046680;446192;11,03;11
27-04-24 16:00;4046680;453012;11,19;11
27-04-24 16:05;4046680;427372;10,56;11
27-04-24 16:10;4046680;425728;10,52;11
27-04-24 16:15;4046680;447200;11,05;11
27-04-24 16:20;4046680;447184;11,05;11
27-04-24 16:25;4046680;403288;9,97;10
27-04-24 16:30;4046680;401552;9,92;10
27-04-24 16:35;4046680;408248;10,09;10
27-04-24 16:40;4046680;407184;10,06;10
27-04-24 16:45;4046680;398700;9,85;10
27-04-24 16:50;4046680;389012;9,61;10
27-04-24 16:55;4046680;387076;9,57;10
27-04-24 17:00;4046680;377528;9,33;9
27-04-24 17:05;4046680;360568;8,91;9
27-04-24 17:10;4046680;385244;9,52;10
27-04-24 17:15;4046680;395260;9,77;10
27-04-24 17:20;4046680;385836;9,53;10
27-04-24 17:25;4046680;390548;9,65;10
27-04-24 17:30;4046680;390192;9,64;10
27-04-24 17:35;4046680;381000;9,42;9
27-04-24 17:40;4046680;386952;9,56;10
27-04-24 17:45;4046680;385092;9,52;10
27-04-24 17:50;4046680;375736;9,29;9
27-04-24 17:55;4046680;374180;9,25;9
27-04-24 18:00;4046680;382596;9,45;9
27-04-24 18:05;4046680;363984;8,99;9
27-04-24 18:10;4046680;367476;9,08;9
27-04-24 18:15;4046680;357556;8,84;9
27-04-24 18:20;4046680;357680;8,84;9
27-04-24 18:25;4046680;348504;8,61;9
27-04-24 18:30;4046680;370452;9,15;9
27-04-24 18:35;4046680;369088;9,12;9
27-04-24 18:40;4046680;360020;8,9;9
27-04-24 18:45;4046680;359540;8,88;9
27-04-24 18:50;4046680;366732;9,06;9
27-04-24 18:55;4046680;356440;8,81;9
27-04-24 19:00;4046680;355076;8,77;9
27-04-24 19:05;4046680;329188;8,13;8
27-04-24 19:10;4046680;327900;8,1;8
27-04-24 19:15;4046680;386812;9,56;10
27-04-24 19:20;4046680;409876;10,13;10
27-04-24 19:25;4046680;407272;10,06;10
27-04-24 19:30;4046680;397848;9,83;10
27-04-24 19:35;4046680;397600;9,83;10
27-04-24 19:40;4046680;388540;9,6;10
27-04-24 19:45;4046680;386060;9,54;10
27-04-24 19:50;4046680;376868;9,31;9
27-04-24 19:55;4046680;375588;9,28;9
27-04-24 20:00;4046680;400636;9,9;10
27-04-24 20:05;4046680;374308;9,25;9
27-04-24 20:10;4046680;387440;9,57;10
27-04-24 20:15;4046680;386432;9,55;10
27-04-24 20:20;4046680;386664;9,56;10
27-04-24 20:25;4046680;378992;9,37;9
27-04-24 20:30;4046680;403172;9,96;10
27-04-24 20:35;4046680;401312;9,92;10
27-04-24 20:40;4046680;390632;9,65;10
27-04-24 20:45;4046680;379736;9,38;9
27-04-24 20:50;4046680;394616;9,75;10
27-04-24 20:55;4046680;384944;9,51;10
27-04-24 21:00;4046680;389872;9,63;10
27-04-24 21:05;4046680;353848;8,74;9
27-04-24 21:10;4046680;381100;9,42;9
27-04-24 21:15;4046680;362592;8,96;9
27-04-24 21:20;4046680;377496;9,33;9
27-04-24 21:25;4046680;374256;9,25;9
27-04-24 21:30;4046680;363732;8,99;9
27-04-24 21:35;4046680;353828;8,74;9
27-04-24 21:40;4046680;353828;8,74;9
27-04-24 21:45;4046680;343784;8,5;9
27-04-24 21:50;4046680;365536;9,03;9
27-04-24 21:55;4046680;355688;8,79;9
27-04-24 22:00;4046680;369808;9,14;9
27-04-24 22:05;4046680;353608;8,74;9
27-04-24 22:10;4046680;334388;8,26;8
27-04-24 22:15;4046680;342148;8,46;8
27-04-24 22:20;4046680;340396;8,41;8
27-04-24 22:25;4046680;321456;7,94;8
27-04-24 22:30;4046680;336940;8,33;8
27-04-24 22:35;4046680;327160;8,08;8
27-04-24 22:40;4046680;332508;8,22;8
27-04-24 22:45;4046680;321580;7,95;8
27-04-24 22:50;4046680;311536;7,7;8
27-04-24 22:55;4046680;302236;7,47;7
27-04-24 23:00;4046680;300872;7,44;7
27-04-24 23:05;4046680;283912;7,02;7
27-04-24 23:10;4046680;308588;7,63;8
27-04-24 23:15;4046680;300776;7,43;7
27-04-24 23:20;4046680;376976;9,32;9
27-04-24 23:25;4046680;368760;9,11;9
27-04-24 23:30;4046680;366932;9,07;9
27-04-24 23:35;4046680;366684;9,06;9
27-04-24 23:40;4046680;366296;9,05;9
27-04-24 23:45;4046680;366808;9,06;9
27-04-24 23:50;4046680;358376;8,86;9
27-04-24 23:55;4046680;380324;9,4;9
28-04-24 00:00;4046680;379828;9,39;9
28-04-24 00:05;4046680;363364;8,98;9
28-04-24 00:10;4046680;324552;8,02;8
28-04-24 00:15;4046680;325116;8,03;8
28-04-24 00:20;4046680;329716;8,15;8
28-04-24 00:25;4046680;327964;8,1;8
28-04-24 00:30;4046680;309396;7,65;8
28-04-24 00:35;4046680;323036;7,98;8
28-04-24 00:40;4046680;312992;7,73;8
28-04-24 00:45;4046680;293376;7,25;7
28-04-24 00:50;4046680;306544;7,58;8
28-04-24 00:55;4046680;295384;7,3;7
28-04-24 01:00;4046680;311132;7,69;8
28-04-24 01:05;4046680;284004;7,02;7
28-04-24 01:10;4046680;395792;9,78;10
28-04-24 01:15;4046680;383092;9,47;9
28-04-24 01:20;4046680;381216;9,42;9
28-04-24 01:25;4046680;368916;9,12;9
28-04-24 01:30;4046680;376620;9,31;9
28-04-24 01:35;4046680;381720;9,43;9
28-04-24 01:40;4046680;371924;9,19;9
28-04-24 01:45;4046680;368944;9,12;9
28-04-24 01:50;4046680;375520;9,28;9
28-04-24 01:55;4046680;356920;8,82;9
28-04-24 02:00;4046680;346752;8,57;9
28-04-24 02:05;4046680;343804;8,5;9
28-04-24 02:10;4046680;332892;8,23;8
28-04-24 02:15;4046680;362928;8,97;9
28-04-24 02:20;4046680;359208;8,88;9
28-04-24 02:25;4046680;348636;8,62;9
28-04-24 02:30;4046680;345848;8,55;9
28-04-24 02:35;4046680;352188;8,7;9
28-04-24 02:40;4046680;334316;8,26;8
28-04-24 02:45;4046680;349072;8,63;9
28-04-24 02:50;4046680;337400;8,34;8
28-04-24 02:55;4046680;336532;8,32;8
28-04-24 03:00;4046680;338764;8,37;8
28-04-24 03:05;4046680;325240;8,04;8
28-04-24 03:10;4046680;315072;7,79;8
28-04-24 03:15;4046680;304284;7,52;8
28-04-24 03:20;4046680;326480;8,07;8
28-04-24 03:25;4046680;316528;7,82;8
28-04-24 03:30;4046680;307188;7,59;8
28-04-24 03:35;4046680;298508;7,38;7
28-04-24 03:40;4046680;289208;7,15;7
28-04-24 03:45;4046680;286728;7,09;7
28-04-24 03:50;4046680;276188;6,83;7
28-04-24 03:55;4046680;298772;7,38;7
28-04-24 04:00;4046680;298384;7,37;7
28-04-24 04:05;4046680;273240;6,75;7
28-04-24 04:10;4046680;252624;6,24;6
28-04-24 04:15;4046680;384108;9,49;9
28-04-24 04:20;4046680;407048;10,06;10
28-04-24 04:25;4046680;397004;9,81;10
28-04-24 04:30;4046680;403172;9,96;10
28-04-24 04:35;4046680;391548;9,68;10
28-04-24 04:40;4046680;380884;9,41;9
28-04-24 04:45;4046680;372080;9,19;9
28-04-24 04:50;4046680;394524;9,75;10
28-04-24 04:55;4046680;391864;9,68;10
28-04-24 05:00;4046680;379396;9,38;9
28-04-24 05:05;4046680;386232;9,54;10
28-04-24 05:10;4046680;378348;9,35;9
28-04-24 05:15;4046680;376488;9,3;9
28-04-24 05:20;4046680;383364;9,47;9
28-04-24 05:25;4046680;381752;9,43;9
28-04-24 05:30;4046680;373164;9,22;9
28-04-24 05:35;4046680;372452;9,2;9
28-04-24 05:40;4046680;380512;9,4;9
28-04-24 05:45;4046680;165920;4,1;4
28-04-24 05:50;4046680;152520;3,77;4
28-04-24 05:55;4046680;151156;3,74;4
28-04-24 06:00;4046680;158084;3,91;4
28-04-24 06:05;4046680;134420;3,32;3
28-04-24 06:10;4046680;385460;9,53;10
28-04-24 06:15;4046680;376548;9,31;9
28-04-24 06:20;4046680;366628;9,06;9
28-04-24 06:25;4046680;367016;9,07;9
28-04-24 06:30;4046680;388024;9,59;10
28-04-24 06:35;4046680;373928;9,24;9
28-04-24 06:40;4046680;379136;9,37;9
28-04-24 06:45;4046680;377648;9,33;9
28-04-24 06:50;4046680;369588;9,13;9
28-04-24 06:55;4046680;360164;8,9;9
28-04-24 07:00;4046680;358056;8,85;9
28-04-24 07:05;4046680;332416;8,21;8
28-04-24 07:10;4046680;345888;8,55;9
28-04-24 07:15;4046680;345764;8,54;9
28-04-24 07:20;4046680;369756;9,14;9
28-04-24 07:25;4046680;368324;9,1;9
28-04-24 07:30;4046680;367456;9,08;9
28-04-24 07:35;4046680;358652;8,86;9
28-04-24 07:40;4046680;359520;8,88;9
28-04-24 07:45;4046680;359412;8,88;9
28-04-24 07:51;4046680;373772;9,24;9
28-04-24 07:56;4046680;372408;9,2;9
28-04-24 08:01;4046680;372284;9,2;9
28-04-24 08:06;4046680;346148;8,55;9
28-04-24 08:11;4046680;346024;8,55;9
28-04-24 08:16;4046680;366520;9,06;9
28-04-24 08:21;4046680;364040;9;9
28-04-24 08:26;4046680;354244;8,75;9
28-04-24 08:31;4046680;345672;8,54;9
28-04-24 08:36;4046680;335520;8,29;8
28-04-24 08:41;4046680;357048;8,82;9
28-04-24 08:46;4046680;354244;8,75;9
28-04-24 08:51;4046680;345192;8,53;9
28-04-24 08:56;4046680;350772;8,67;9
28-04-24 09:01;4046680;334312;8,26;8
28-04-24 09:06;4046680;324016;8,01;8
28-04-24 09:11;4046680;322404;7,97;8
28-04-24 09:16;4046680;341472;8,44;8
28-04-24 09:21;4046680;341208;8,43;8
28-04-24 09:26;4046680;340976;8,43;8
28-04-24 09:31;4046680;331288;8,19;8
28-04-24 09:36;4046680;331552;8,19;8
28-04-24 09:41;4046680;329800;8,15;8
28-04-24 09:46;4046680;313912;7,76;8
28-04-24 09:51;4046680;312424;7,72;8
28-04-24 09:56;4046680;303124;7,49;7
28-04-24 10:01;4046680;286884;7,09;7
28-04-24 10:06;4046680;387312;9,57;10
28-04-24 10:11;4046680;409228;10,11;10
28-04-24 10:16;4046680;398704;9,85;10
28-04-24 10:21;4046680;405896;10,03;10
28-04-24 10:26;4046680;403540;9,97;10
28-04-24 10:31;4046680;393868;9,73;10
28-04-24 10:36;4046680;400440;9,9;10
28-04-24 10:41;4046680;390836;9,66;10
28-04-24 10:46;4046680;378120;9,34;9
28-04-24 10:51;4046680;379112;9,37;9
28-04-24 10:56;4046680;367928;9,09;9
28-04-24 11:01;4046680;383928;9,49;9
28-04-24 11:06;4046680;382192;9,44;9
28-04-24 11:11;4046680;394440;9,75;10
28-04-24 11:16;4046680;385512;9,53;10
28-04-24 11:21;4046680;385016;9,51;10
28-04-24 11:26;4046680;392952;9,71;10
28-04-24 11:31;4046680;391448;9,67;10
28-04-24 11:36;4046680;392332;9,7;10
28-04-24 11:41;4046680;383140;9,47;9
28-04-24 11:46;4046680;381172;9,42;9
28-04-24 11:51;4046680;389480;9,62;10
28-04-24 11:56;4046680;388612;9,6;10
28-04-24 12:01;4046680;364576;9,01;9
28-04-24 12:06;4046680;355168;8,78;9
28-04-24 12:11;4046680;330080;8,16;8
28-04-24 12:16;4046680;342340;8,46;8
28-04-24 12:21;4046680;355844;8,79;9
28-04-24 12:26;4046680;351644;8,69;9
28-04-24 12:31;4046680;355576;8,79;9
28-04-24 12:36;4046680;353232;8,73;9
28-04-24 12:41;4046680;327284;8,09;8
28-04-24 12:46;4046680;348136;8,6;9
28-04-24 12:51;4046680;329688;8,15;8
28-04-24 12:56;4046680;321364;7,94;8
28-04-24 13:01;4046680;328428;8,12;8
28-04-24 13:06;4046680;318500;7,87;8
28-04-24 13:11;4046680;307960;7,61;8
28-04-24 13:16;4046680;397212;9,82;10
28-04-24 13:21;4046680;387484;9,58;10
28-04-24 13:26;4046680;410240;10,14;10
28-04-24 13:31;4046680;401296;9,92;10
28-04-24 13:36;4046680;390524;9,65;10
28-04-24 13:41;4046680;379936;9,39;9
28-04-24 13:46;4046680;402072;9,94;10
28-04-24 13:51;4046680;392772;9,71;10
28-04-24 13:56;4046680;398848;9,86;10
28-04-24 14:01;4046680;382012;9,44;9
28-04-24 14:06;4046680;394988;9,76;10
28-04-24 14:11;4046680;384052;9,49;9
28-04-24 14:16;4046680;373056;9,22;9
28-04-24 14:21;4046680;362268;8,95;9
28-04-24 14:26;4046680;376528;9,3;9
28-04-24 14:31;4046680;382000;9,44;9
28-04-24 14:36;4046680;381132;9,42;9
28-04-24 14:41;4046680;375892;9,29;9
28-04-24 14:46;4046680;364064;9;9
28-04-24 14:51;4046680;369892;9,14;9
28-04-24 14:56;4046680;359700;8,89;9
28-04-24 15:01;4046680;342424;8,46;8
28-04-24 15:06;4046680;348640;8,62;9
28-04-24 15:11;4046680;350348;8,66;9
28-04-24 15:16;4046680;339560;8,39;8
28-04-24 15:21;4046680;330260;8,16;8
28-04-24 15:26;4046680;329268;8,14;8
28-04-24 15:31;4046680;352828;8,72;9
28-04-24 15:36;4046680;341652;8,44;8
28-04-24 15:41;4046680;348920;8,62;9
28-04-24 15:46;4046680;347108;8,58;9
28-04-24 15:51;4046680;337560;8,34;8
28-04-24 15:56;4046680;310236;7,67;8
28-04-24 16:01;4046680;283108;7;7
28-04-24 16:06;4046680;374892;9,26;9
28-04-24 16:11;4046680;364104;9;9
28-04-24 16:16;4046680;386124;9,54;10
28-04-24 16:21;4046680;375088;9,27;9
28-04-24 16:26;4046680;381660;9,43;9
28-04-24 16:31;4046680;379412;9,38;9
28-04-24 16:36;4046680;369136;9,12;9
28-04-24 16:41;4046680;357324;8,83;9
28-04-24 16:46;4046680;347824;8,6;9
28-04-24 16:51;4046680;368004;9,09;9
28-04-24 16:56;4046680;350040;8,65;9
28-04-24 17:01;4046680;332404;8,21;8
28-04-24 17:06;4046680;321052;7,93;8
28-04-24 17:11;4046680;344364;8,51;9
28-04-24 17:16;4046680;347552;8,59;9
28-04-24 17:21;4046680;356472;8,81;9
28-04-24 17:26;4046680;354132;8,75;9
28-04-24 17:31;4046680;342228;8,46;8
28-04-24 17:36;4046680;349172;8,63;9
28-04-24 17:41;4046680;338212;8,36;8
28-04-24 17:46;4046680;338012;8,35;8
28-04-24 17:51;4046680;327216;8,09;8
28-04-24 17:56;4046680;327588;8,1;8
28-04-24 18:01;4046680;301700;7,46;7
28-04-24 18:06;4046680;325136;8,03;8
28-04-24 18:11;4046680;314952;7,78;8
28-04-24 18:16;4046680;397624;9,83;10
28-04-24 18:21;4046680;386356;9,55;10
28-04-24 18:26;4046680;408760;10,1;10
28-04-24 18:31;4046680;391028;9,66;10
28-04-24 18:36;4046680;380108;9,39;9
28-04-24 18:41;4046680;402172;9,94;10
28-04-24 18:46;4046680;382704;9,46;9
28-04-24 18:51;4046680;372768;9,21;9
28-04-24 18:56;4046680;394592;9,75;10
28-04-24 19:01;4046680;369572;9,13;9
28-04-24 19:06;4046680;374284;9,25;9
28-04-24 19:11;4046680;355668;8,79;9
28-04-24 19:16;4046680;365568;9,03;9
28-04-24 19:21;4046680;356772;8,82;9
28-04-24 19:26;4046680;379192;9,37;9
28-04-24 19:31;4046680;368760;9,11;9
28-04-24 19:36;4046680;358840;8,87;9
28-04-24 19:41;4046680;348292;8,61;9
28-04-24 19:46;4046680;372100;9,2;9
28-04-24 19:51;4046680;371356;9,18;9
28-04-24 19:56;4046680;359576;8,89;9
28-04-24 20:01;4046680;347320;8,58;9
28-04-24 20:06;4046680;337788;8,35;8
28-04-24 20:11;4046680;338656;8,37;8
28-04-24 20:16;4046680;359336;8,88;9
28-04-24 20:21;4046680;355244;8,78;9
28-04-24 20:26;4046680;353624;8,74;9
28-04-24 20:31;4046680;345656;8,54;9
28-04-24 20:36;4046680;345936;8,55;9
28-04-24 20:41;4046680;345424;8,54;9
28-04-24 20:46;4046680;359256;8,88;9
28-04-24 20:51;4046680;358776;8,87;9
28-04-24 20:56;4046680;358668;8,86;9
28-04-24 21:01;4046680;333276;8,24;8
28-04-24 21:06;4046680;326892;8,08;8
28-04-24 21:11;4046680;338656;8,37;8
28-04-24 21:16;4046680;321560;7,95;8
28-04-24 21:21;4046680;342716;8,47;8
28-04-24 21:26;4046680;333844;8,25;8
28-04-24 21:31;4046680;339780;8,4;8
28-04-24 21:36;4046680;328636;8,12;8
28-04-24 21:41;4046680;335704;8,3;8
28-04-24 21:46;4046680;325504;8,04;8
28-04-24 21:51;4046680;323924;8;8
28-04-24 21:56;4046680;331488;8,19;8
28-04-24 22:01;4046680;314412;7,77;8
28-04-24 22:06;4046680;389140;9,62;10
28-04-24 22:11;4046680;387776;9,58;10
28-04-24 22:16;4046680;395100;9,76;10
28-04-24 22:21;4046680;385668;9,53;10
28-04-24 22:26;4046680;391548;9,68;10
28-04-24 22:31;4046680;389372;9,62;10
28-04-24 22:36;4046680;380940;9,41;9
28-04-24 22:41;4046680;388132;9,59;10
28-04-24 22:46;4046680;388132;9,59;10
28-04-24 22:51;4046680;386612;9,55;10
28-04-24 22:56;4046680;376848;9,31;9
28-04-24 23:01;4046680;360012;8,9;9
28-04-24 23:06;4046680;374964;9,27;9
28-04-24 23:11;4046680;375600;9,28;9
28-04-24 23:16;4046680;358240;8,85;9
28-04-24 23:21;4046680;356736;8,82;9
28-04-24 23:26;4046680;356488;8,81;9
28-04-24 23:31;4046680;356736;8,82;9
28-04-24 23:36;4046680;348040;8,6;9
28-04-24 23:41;4046680;347652;8,59;9
28-04-24 23:46;4046680;346800;8,57;9
28-04-24 23:51;4046680;338064;8,35;8
28-04-24 23:56;4046680;368948;9,12;9
29-04-24 00:01;4046680;354484;8,76;9
29-04-24 00:06;4046680;353368;8,73;9
29-04-24 00:11;4046680;344192;8,51;9
29-04-24 00:16;4046680;357316;8,83;9
29-04-24 00:21;4046680;357384;8,83;9
29-04-24 00:26;4046680;357416;8,83;9
29-04-24 00:31;4046680;356464;8,81;9
29-04-24 00:36;4046680;347520;8,59;9
29-04-24 00:41;4046680;338468;8,36;8
29-04-24 00:46;4046680;338468;8,36;8
29-04-24 00:51;4046680;339212;8,38;8
29-04-24 00:56;4046680;339212;8,38;8
29-04-24 01:01;4046680;321584;7,95;8
29-04-24 01:06;4046680;311580;7,7;8
29-04-24 01:11;4046680;312200;7,71;8
29-04-24 01:16;4046680;398652;9,85;10
29-04-24 01:21;4046680;432840;10,7;11
29-04-24 01:26;4046680;433088;10,7;11
29-04-24 01:31;4046680;432964;10,7;11
29-04-24 01:36;4046680;431724;10,67;11
29-04-24 01:41;4046680;425152;10,51;11
29-04-24 01:46;4046680;424284;10,48;10
29-04-24 01:51;4046680;439284;10,86;11
29-04-24 01:56;4046680;439640;10,86;11
29-04-24 02:01;4046680;422616;10,44;10
29-04-24 02:06;4046680;423144;10,46;10
29-04-24 02:11;4046680;413596;10,22;10
29-04-24 02:16;4046680;453744;11,21;11
29-04-24 02:21;4046680;452984;11,19;11
29-04-24 02:26;4046680;454364;11,23;11
29-04-24 02:31;4046680;453744;11,21;11
29-04-24 02:36;4046680;452752;11,19;11
29-04-24 02:41;4046680;452876;11,19;11
29-04-24 02:46;4046680;436104;10,78;11
29-04-24 02:51;4046680;436228;10,78;11
29-04-24 02:56;4046680;435112;10,75;11
29-04-24 03:01;4046680;409400;10,12;10
29-04-24 03:06;4046680;416640;10,3;10
29-04-24 03:11;4046680;401208;9,91;10
29-04-24 03:16;4046680;206728;5,11;5
29-04-24 03:21;4046680;406620;10,05;10
29-04-24 03:26;4046680;405008;10,01;10
29-04-24 03:31;4046680;403892;9,98;10
29-04-24 03:36;4046680;404140;9,99;10
29-04-24 03:41;4046680;396700;9,8;10
29-04-24 03:46;4046680;396520;9,8;10
29-04-24 03:51;4046680;420508;10,39;10
29-04-24 03:56;4046680;419392;10,36;10
29-04-24 04:01;4046680;401656;9,93;10
29-04-24 04:06;4046680;401688;9,93;10
29-04-24 04:11;4046680;415664;10,27;10
29-04-24 04:16;4046680;415912;10,28;10
29-04-24 04:21;4046680;415556;10,27;10
29-04-24 04:26;4046680;407232;10,06;10
29-04-24 04:31;4046680;408224;10,09;10
29-04-24 04:36;4046680;405992;10,03;10
29-04-24 04:41;4046680;390492;9,65;10
29-04-24 04:46;4046680;396576;9,8;10
29-04-24 04:51;4046680;497416;12,29;12
29-04-24 04:56;4046680;494696;12,22;12
29-04-24 05:01;4046680;470388;11,62;12
29-04-24 05:06;4046680;468900;11,59;12
29-04-24 05:11;4046680;468900;11,59;12
29-04-24 05:16;4046680;482884;11,93;12
29-04-24 05:21;4046680;474204;11,72;12
29-04-24 05:26;4046680;489340;12,09;12
29-04-24 05:31;4046680;488424;12,07;12
29-04-24 05:36;4046680;488936;12,08;12
29-04-24 05:41;4046680;479124;11,84;12
29-04-24 05:46;4046680;478860;11,83;12
29-04-24 05:51;4046680;460832;11,39;11
29-04-24 05:56;4046680;452756;11,19;11
29-04-24 06:01;4046680;436028;10,77;11
29-04-24 06:06;4046680;435548;10,76;11
29-04-24 06:11;4046680;435956;10,77;11
29-04-24 06:16;4046680;439364;10,86;11
29-04-24 06:21;4046680;456128;11,27;11
29-04-24 06:26;4046680;456128;11,27;11
29-04-24 06:31;4046680;456128;11,27;11
29-04-24 06:36;4046680;454732;11,24;11
29-04-24 06:41;4046680;439140;10,85;11
29-04-24 06:46;4046680;438644;10,84;11
29-04-24 06:51;4046680;438876;10,85;11
29-04-24 06:56;4046680;438768;10,84;11
29-04-24 07:01;4046680;412864;10,2;10
29-04-24 07:06;4046680;429380;10,61;11
29-04-24 07:11;4046680;420700;10,4;10
29-04-24 07:16;4046680;434916;10,75;11
29-04-24 07:21;4046680;434560;10,74;11
29-04-24 07:26;4046680;432552;10,69;11
29-04-24 07:31;4046680;423484;10,46;10
29-04-24 07:36;4046680;423376;10,46;10
29-04-24 07:41;4046680;423500;10,47;10
29-04-24 07:46;4046680;422732;10,45;10
29-04-24 07:51;4046680;419972;10,38;10
29-04-24 07:56;4046680;411720;10,17;10
29-04-24 08:01;4046680;411312;10,16;10
29-04-24 08:06;4046680;411468;10,17;10
29-04-24 08:11;4046680;399304;9,87;10
29-04-24 08:16;4046680;413292;10,21;10
29-04-24 08:21;4046680;413044;10,21;10
29-04-24 08:26;4046680;412424;10,19;10
29-04-24 08:31;4046680;404984;10,01;10
29-04-24 08:36;4046680;421104;10,41;10
29-04-24 08:41;4046680;416856;10,3;10
29-04-24 08:46;4046680;415864;10,28;10
29-04-24 08:51;4046680;406300;10,04;10
29-04-24 08:56;4046680;407556;10,07;10
29-04-24 09:01;4046680;390968;9,66;10
29-04-24 09:06;4046680;362752;8,96;9
29-04-24 09:11;4046680;378532;9,35;9
29-04-24 09:16;4046680;379112;9,37;9
29-04-24 09:21;4046680;379788;9,39;9
29-04-24 09:26;4046680;378516;9,35;9
29-04-24 09:31;4046680;369496;9,13;9
29-04-24 09:36;4046680;368520;9,11;9
29-04-24 09:41;4046680;378948;9,36;9
29-04-24 09:46;4046680;371276;9,17;9
29-04-24 09:51;4046680;386264;9,55;10
29-04-24 09:56;4046680;384296;9,5;10
29-04-24 10:01;4046680;359632;8,89;9
29-04-24 10:06;4046680;372060;9,19;9
29-04-24 10:11;4046680;371976;9,19;9
29-04-24 10:16;4046680;387228;9,57;10
29-04-24 10:21;4046680;386112;9,54;10
29-04-24 10:26;4046680;376936;9,31;9
29-04-24 10:31;4046680;377184;9,32;9
29-04-24 10:36;4046680;376688;9,31;9
29-04-24 10:41;4046680;389708;9,63;10
29-04-24 10:46;4046680;386732;9,56;10
29-04-24 10:51;4046680;378300;9,35;9
29-04-24 10:56;4046680;378192;9,35;9
29-04-24 11:01;4046680;362184;8,95;9
29-04-24 11:06;4046680;373216;9,22;9
29-04-24 11:11;4046680;364356;9;9
29-04-24 11:16;4046680;364164;9;9
29-04-24 11:21;4046680;368972;9,12;9
29-04-24 11:26;4046680;358004;8,85;9
29-04-24 11:31;4046680;356004;8,8;9
29-04-24 11:36;4046680;331636;8,2;8
29-04-24 11:41;4046680;331628;8,2;8
29-04-24 11:46;4046680;331164;8,18;8
29-04-24 11:51;4046680;325128;8,03;8
29-04-24 11:56;4046680;316588;7,82;8
29-04-24 12:01;4046680;316676;7,83;8
29-04-24 12:06;4046680;316244;7,81;8
29-04-24 12:11;4046680;558836;13,81;14
29-04-24 12:16;4046680;558332;13,8;14
29-04-24 12:21;4046680;558808;13,81;14
29-04-24 12:26;4046680;550268;13,6;14
29-04-24 12:31;4046680;549896;13,59;14
29-04-24 12:36;4046680;542332;13,4;13
29-04-24 12:41;4046680;506084;12,51;13
29-04-24 12:46;4046680;503308;12,44;12
29-04-24 12:51;4046680;502648;12,42;12
29-04-24 12:56;4046680;494488;12,22;12
29-04-24 13:01;4046680;477652;11,8;12
29-04-24 13:06;4046680;490396;12,12;12
29-04-24 13:11;4046680;506476;12,52;13
29-04-24 13:16;4046680;505676;12,5;13
29-04-24 13:21;4046680;505572;12,49;12
29-04-24 13:26;4046680;505772;12,5;13
29-04-24 13:31;4046680;505276;12,49;12
29-04-24 13:36;4046680;505412;12,49;12
29-04-24 13:41;4046680;496580;12,27;12
29-04-24 13:46;4046680;495852;12,25;12
29-04-24 13:51;4046680;496072;12,26;12
29-04-24 13:56;4046680;495728;12,25;12
29-04-24 14:01;4046680;479248;11,84;12
29-04-24 14:06;4046680;478412;11,82;12
29-04-24 14:11;4046680;469840;11,61;12
29-04-24 14:16;4046680;483452;11,95;12
29-04-24 14:21;4046680;483560;11,95;12
29-04-24 14:26;4046680;499928;12,35;12
29-04-24 14:31;4046680;499448;12,34;12
29-04-24 14:36;4046680;498952;12,33;12
29-04-24 14:41;4046680;495384;12,24;12
29-04-24 14:46;4046680;494736;12,23;12
29-04-24 14:51;4046680;488536;12,07;12
29-04-24 14:56;4046680;488164;12,06;12
29-04-24 15:01;4046680;468608;11,58;12
29-04-24 15:06;4046680;473412;11,7;12
29-04-24 15:11;4046680;423704;10,47;10
29-04-24 15:16;4046680;423456;10,46;10
29-04-24 15:21;4046680;415892;10,28;10
29-04-24 15:26;4046680;415288;10,26;10
29-04-24 15:31;4046680;414652;10,25;10
29-04-24 15:36;4046680;412676;10,2;10
29-04-24 15:41;4046680;411832;10,18;10
29-04-24 15:46;4046680;412212;10,19;10
29-04-24 15:52;4046680;411728;10,17;10
29-04-24 15:57;4046680;411592;10,17;10
29-04-24 16:02;4046680;395996;9,79;10
29-04-24 16:07;4046680;398060;9,84;10
29-04-24 16:12;4046680;393720;9,73;10
29-04-24 16:17;4046680;393968;9,74;10
29-04-24 16:22;4046680;393348;9,72;10
29-04-24 16:27;4046680;418268;10,34;10
29-04-24 16:32;4046680;441256;10,9;11
29-04-24 16:37;4046680;433324;10,71;11
29-04-24 16:42;4046680;432580;10,69;11
29-04-24 16:47;4046680;415932;10,28;10
29-04-24 16:52;4046680;407856;10,08;10
29-04-24 16:57;4046680;407252;10,06;10
29-04-24 17:02;4046680;390664;9,65;10
29-04-24 17:07;4046680;390540;9,65;10
29-04-24 17:12;4046680;403904;9,98;10
29-04-24 17:17;4046680;395288;9,77;10
29-04-24 17:22;4046680;394936;9,76;10
29-04-24 17:27;4046680;394624;9,75;10
29-04-24 17:32;4046680;406492;10,05;10
29-04-24 17:37;4046680;406792;10,05;10
29-04-24 17:42;4046680;401796;9,93;10
29-04-24 17:47;4046680;393364;9,72;10
29-04-24 17:52;4046680;393100;9,71;10
29-04-24 17:57;4046680;392744;9,71;10
29-04-24 18:02;4046680;417960;10,33;10
29-04-24 18:07;4046680;430316;10,63;11
29-04-24 18:12;4046680;430176;10,63;11
29-04-24 18:17;4046680;429572;10,62;11
29-04-24 18:22;4046680;429944;10,62;11
29-04-24 18:27;4046680;421760;10,42;10
29-04-24 18:32;4046680;411468;10,17;10
29-04-24 18:37;4046680;410700;10,15;10
29-04-24 18:42;4046680;410600;10,15;10
29-04-24 18:47;4046680;409732;10,13;10
29-04-24 18:52;4046680;410208;10,14;10
29-04-24 18:57;4046680;401052;9,91;10
29-04-24 19:02;4046680;372560;9,21;9
29-04-24 19:07;4046680;385040;9,51;10
29-04-24 19:12;4046680;384808;9,51;10
29-04-24 19:17;4046680;376872;9,31;9
29-04-24 19:22;4046680;376360;9,3;9
29-04-24 19:27;4046680;376500;9,3;9
29-04-24 19:32;4046680;375880;9,29;9
29-04-24 19:37;4046680;375980;9,29;9
29-04-24 19:42;4046680;376056;9,29;9
29-04-24 19:47;4046680;446052;11,02;11
29-04-24 19:52;4046680;431884;10,67;11
29-04-24 19:57;4046680;422708;10,45;10
29-04-24 20:02;4046680;406616;10,05;10
29-04-24 20:07;4046680;406244;10,04;10
29-04-24 20:12;4046680;405872;10,03;10
29-04-24 20:17;4046680;418740;10,35;10
29-04-24 20:22;4046680;410928;10,15;10
29-04-24 20:27;4046680;409716;10,12;10
29-04-24 20:32;4046680;407432;10,07;10
29-04-24 20:37;4046680;448872;11,09;11
29-04-24 20:42;4046680;449120;11,1;11
29-04-24 20:47;4046680;448128;11,07;11
29-04-24 20:52;4046680;448376;11,08;11
29-04-24 20:57;4046680;448248;11,08;11
29-04-24 21:02;4046680;422472;10,44;10
29-04-24 21:07;4046680;435620;10,76;11
29-04-24 21:12;4046680;436132;10,78;11
29-04-24 21:17;4046680;436116;10,78;11
29-04-24 21:22;4046680;259000;6,4;6
29-04-24 21:27;4046680;259388;6,41;6
29-04-24 21:32;4046680;269060;6,65;7
29-04-24 21:37;4046680;269184;6,65;7
29-04-24 21:42;4046680;269308;6,66;7
29-04-24 21:47;4046680;284980;7,04;7
29-04-24 21:52;4046680;285000;7,04;7
29-04-24 21:57;4046680;284560;7,03;7
29-04-24 22:02;4046680;268148;6,63;7
29-04-24 22:07;4046680;372964;9,22;9
29-04-24 22:12;4046680;372072;9,19;9
29-04-24 22:17;4046680;363808;8,99;9
29-04-24 22:22;4046680;363432;8,98;9
29-04-24 22:27;4046680;363696;8,99;9
29-04-24 22:32;4046680;413580;10,22;10
29-04-24 22:37;4046680;474180;11,72;12
29-04-24 22:42;4046680;473948;11,71;12
29-04-24 22:47;4046680;466260;11,52;12
29-04-24 22:52;4046680;466508;11,53;12
29-04-24 22:57;4046680;465516;11,5;12
29-04-24 23:02;4046680;465192;11,5;12
29-04-24 23:07;4046680;477916;11,81;12
29-04-24 23:12;4046680;477776;11,81;12
29-04-24 23:17;4046680;477776;11,81;12
29-04-24 23:22;4046680;477032;11,79;12
29-04-24 23:27;4046680;468988;11,59;12
29-04-24 23:32;4046680;505056;12,48;12
29-04-24 23:37;4046680;505072;12,48;12
29-04-24 23:42;4046680;504948;12,48;12
29-04-24 23:47;4046680;550844;13,61;14
29-04-24 23:52;4046680;550704;13,61;14
29-04-24 23:57;4046680;549712;13,58;14
30-04-24 00:02;4046680;525436;12,98;13
30-04-24 00:07;4046680;524940;12,97;13
30-04-24 00:12;4046680;538056;13,3;13
30-04-24 00:17;4046680;554564;13,7;14
30-04-24 00:22;4046680;554300;13,7;14
30-04-24 00:27;4046680;560888;13,86;14
30-04-24 00:32;4046680;560872;13,86;14
30-04-24 00:37;4046680;559896;13,84;14
30-04-24 00:42;4046680;551836;13,64;14
30-04-24 00:47;4046680;551712;13,63;14
30-04-24 00:52;4046680;551324;13,62;14
30-04-24 00:57;4046680;551244;13,62;14
30-04-24 01:02;4046680;535356;13,23;13
30-04-24 01:07;4046680;534768;13,21;13
30-04-24 01:12;4046680;526196;13;13
30-04-24 01:17;4046680;539824;13,34;13
30-04-24 01:22;4046680;539728;13,34;13
30-04-24 01:27;4046680;559060;13,82;14
30-04-24 01:32;4046680;558796;13,81;14
30-04-24 01:37;4046680;558564;13,8;14
30-04-24 01:42;4046680;558440;13,8;14
30-04-24 01:47;4046680;557820;13,78;14
30-04-24 01:52;4046680;549264;13,57;14
30-04-24 01:57;4046680;549664;13,58;14
30-04-24 02:02;4046680;533296;13,18;13
30-04-24 02:07;4046680;533420;13,18;13
30-04-24 02:12;4046680;545916;13,49;13
30-04-24 02:17;4046680;545792;13,49;13
30-04-24 02:22;4046680;546040;13,49;13
30-04-24 02:27;4046680;540352;13,35;13
30-04-24 02:32;4046680;538600;13,31;13
30-04-24 02:37;4046680;539236;13,33;13
30-04-24 02:42;4046680;530556;13,11;13
30-04-24 02:47;4046680;530680;13,11;13
30-04-24 02:52;4046680;530128;13,1;13
30-04-24 02:57;4046680;530308;13,1;13
30-04-24 03:02;4046680;512704;12,67;13
30-04-24 03:07;4046680;518008;12,8;13
30-04-24 03:12;4046680;518132;12,8;13
30-04-24 03:17;4046680;502808;12,43;12
30-04-24 03:22;4046680;504420;12,47;12
30-04-24 03:27;4046680;504296;12,46;12
30-04-24 03:32;4046680;503676;12,45;12
30-04-24 03:37;4046680;504064;12,46;12
30-04-24 03:42;4046680;495492;12,24;12
30-04-24 03:47;4046680;495244;12,24;12
30-04-24 03:52;4046680;494872;12,23;12
30-04-24 03:57;4046680;536040;13,25;13
30-04-24 04:02;4046680;518956;12,82;13
30-04-24 04:07;4046680;519328;12,83;13
30-04-24 04:12;4046680;531808;13,14;13
30-04-24 04:17;4046680;532072;13,15;13
30-04-24 04:22;4046680;541868;13,39;13
30-04-24 04:27;4046680;541248;13,38;13
30-04-24 04:32;4046680;541620;13,38;13
30-04-24 04:37;4046680;541192;13,37;13
30-04-24 04:42;4046680;541028;13,37;13
30-04-24 04:47;4046680;540256;13,35;13
30-04-24 04:52;4046680;532816;13,17;13
30-04-24 04:57;4046680;532212;13,15;13
30-04-24 05:02;4046680;515980;12,75;13
30-04-24 05:07;4046680;544472;13,45;13
30-04-24 05:12;4046680;544720;13,46;13
30-04-24 05:17;4046680;544788;13,46;13
30-04-24 05:22;4046680;546456;13,5;14
30-04-24 05:27;4046680;545904;13,49;13
30-04-24 05:32;4046680;537556;13,28;13
30-04-24 05:37;4046680;537156;13,27;13
30-04-24 05:42;4046680;537044;13,27;13
30-04-24 05:47;4046680;537032;13,27;13
30-04-24 05:52;4046680;537032;13,27;13
30-04-24 05:57;4046680;536660;13,26;13
30-04-24 06:02;4046680;520816;12,87;13
30-04-24 06:07;4046680;512508;12,66;13
30-04-24 06:12;4046680;511764;12,65;13
30-04-24 06:17;4046680;524524;12,96;13
30-04-24 06:22;4046680;540752;13,36;13
30-04-24 06:27;4046680;540944;13,37;13
30-04-24 06:32;4046680;540752;13,36;13
30-04-24 06:37;4046680;540008;13,34;13
30-04-24 06:42;4046680;540256;13,35;13
30-04-24 06:47;4046680;531948;13,15;13
30-04-24 06:52;4046680;531520;13,13;13
30-04-24 06:57;4046680;531576;13,14;13
30-04-24 07:02;4046680;512632;12,67;13
30-04-24 07:07;4046680;527360;13,03;13
30-04-24 07:12;4046680;523224;12,93;13
30-04-24 07:17;4046680;515180;12,73;13
30-04-24 07:22;4046680;514668;12,72;13
30-04-24 07:27;4046680;514312;12,71;13
30-04-24 07:32;4046680;530820;13,12;13
30-04-24 07:37;4046680;530556;13,11;13
30-04-24 07:42;4046680;530376;13,11;13
30-04-24 07:47;4046680;530252;13,1;13
30-04-24 07:52;4046680;530184;13,1;13
30-04-24 07:57;4046680;530128;13,1;13
30-04-24 08:02;4046680;505892;12,5;13
30-04-24 08:07;4046680;518280;12,81;13
30-04-24 08:12;4046680;518156;12,8;13
30-04-24 08:17;4046680;517908;12,8;13
30-04-24 08:22;4046680;517784;12,8;13
30-04-24 08:27;4046680;517040;12,78;13
30-04-24 08:32;4046680;517164;12,78;13
30-04-24 08:37;4046680;509104;12,58;13
30-04-24 08:42;4046680;508980;12,58;13
30-04-24 08:47;4046680;524728;12,97;13
30-04-24 08:52;4046680;524440;12,96;13
30-04-24 08:57;4046680;524604;12,96;13
30-04-24 09:02;4046680;501580;12,39;12
30-04-24 09:07;4046680;521380;12,88;13
30-04-24 09:12;4046680;521380;12,88;13
